rowid,suburb_name,state,postcode,previous_ssc,new_ssc,candidate_ssc,score
31684,AILSA,NSW,,,13146,13146,82
45347,AILSA,NSW,,,13146,13146,82
31060,AINTREE,NSW,,,11818,11818,82
44723,AINTREE,NSW,,,11818,11818,82
30352,AIRE VALLEY,NSW,,,12106,12106,84
44015,AIRE VALLEY,NSW,,,12106,12106,84
30319,AIREYS INLET,NSW,,,20015,20015,81
43982,AIREYS INLET,NSW,,,20015,20015,81
29401,AIRPORT WEST,NSW,,,20017,20017,81
43064,AIRPORT WEST,NSW,,,20017,20017,81
30156,ALBERT PARK,NSW,,,10402,10402,83
43819,ALBERT PARK,NSW,,,10402,10402,83
30647,ALLANSFORD,NSW,,,10497,10497,81
44310,ALLANSFORD,NSW,,,10497,10497,81
29306,ALTONA EAST,NSW,,,11630,11630,84
42969,ALTONA EAST,NSW,,,11630,11630,84
29308,ALTONA GATE,NSW,,,20039,20039,80
42971,ALTONA GATE,NSW,,,20039,20039,80
29322,ALTONA MEADOWS,NSW,,,20040,20040,83
42985,ALTONA MEADOWS,NSW,,,20040,20040,83
31511,AMPHITHEATRE,NSW,,,20046,20046,81
45174,AMPHITHEATRE,NSW,,,20046,20046,81
30171,ANAKIE,NSW,,,10971,10971,80
43834,ANAKIE,NSW,,,10971,10971,80
31686,ANGIP,NSW,,,10971,10971,84
45349,ANGIP,NSW,,,10971,10971,84
30317,ANGLESEA,NSW,,,10218,10218,83
43980,ANGLESEA,NSW,,,10218,10218,83
31515,ARARAT EAST,NSW,,,20063,20063,80
45178,ARARAT EAST,NSW,,,20063,20063,80
29278,ARDEER,NSW,,,10007,10007,82
42941,ARDEER,NSW,,,10007,10007,82
31517,ARMSTRONG,NSW,,,10099,10099,80
45180,ARMSTRONG,NSW,,,10099,10099,80
30215,ARMSTRONG CREEK,NSW,,,30106,30106,84
43878,ARMSTRONG CREEK,NSW,,,30106,30106,84
29349,ASCOT VALE,NSW,,,11202,11202,81
43012,ASCOT VALE,NSW,,,11202,11202,81
29872,ASHBURTON,NSW,,,10113,10113,83
43535,ASHBURTON,NSW,,,10113,10113,83
30094,ASPENDALE,NSW,,,10151,10151,80
43757,ASPENDALE,NSW,,,10151,10151,80
31688,AUBREY,NSW,,,10031,10031,80
45351,AUBREY,NSW,,,10031,10031,80
30582,AYRFORD,NSW,,,10120,10120,82
44245,AYRFORD,NSW,,,10120,10120,82
31089,BACCHUS MARSH,NSW,,,20110,20110,82
44752,BACCHUS MARSH,NSW,,,20110,20110,82
30874,BAHGALLAH,NSW,,,10368,10368,80
44537,BAHGALLAH,NSW,,,10368,10368,80
31142,BAKERY HILL,NSW,,,10474,10474,83
44805,BAKERY HILL,NSW,,,10474,10474,83
30663,BALLANGEICH,NSW,,,20126,20126,80
44326,BALLANGEICH,NSW,,,20126,20126,80
31357,BALLARAT MC,NSW,,,20132,20132,80
45020,BALLARAT MC,NSW,,,20132,20132,80
31150,BALLARAT NORTH,NSW,,,20133,20133,83
44813,BALLARAT NORTH,NSW,,,20133,20133,83
29650,BALWYN,NSW,,,10186,10186,82
43313,BALWYN,NSW,,,10186,10186,82
29652,BALWYN EAST,NSW,,,10208,10208,84
43315,BALWYN EAST,NSW,,,10208,10208,84
29660,BALWYN NORTH,NSW,,,13606,13606,84
43323,BALWYN NORTH,NSW,,,13606,13606,84
31038,BAMGANIE,NSW,,,10196,10196,80
44701,BAMGANIE,NSW,,,10196,10196,80
30000,BANGHOLME,NSW,,,10221,10221,82
43663,BANGHOLME,NSW,,,10221,10221,82
31022,BANNOCKBURN,NSW,,,30185,30185,80
44685,BANNOCKBURN,NSW,,,30185,30185,80
31668,BANYENA,NSW,,,10232,10232,82
45331,BANYENA,NSW,,,10232,10232,82
29587,BANYULE,NSW,,,10796,10796,80
43250,BANYULE,NSW,,,10796,10796,80
31592,BARKLY,NSW,,,10025,10025,84
45255,BARKLY,NSW,,,10025,10025,84
31241,BARKSTEAD,NSW,,,10099,10099,80
44904,BARKSTEAD,NSW,,,10099,10099,80
30410,BARWON DOWNS,NSW,,,20195,20195,81
44073,BARWON DOWNS,NSW,,,20195,20195,81
30303,BARWON HEADS,NSW,,,10729,10729,84
43966,BARWON HEADS,NSW,,,10729,10729,84
30173,BATESFORD,NSW,,,10120,10120,83
43836,BATESFORD,NSW,,,10120,10120,83
31505,BAYINDEEN,NSW,,,10826,10826,80
45168,BAYINDEEN,NSW,,,10826,10826,80
29909,BAYSWATER NORTH,NSW,,,20211,20211,84
43572,BAYSWATER NORTH,NSW,,,20211,20211,84
30476,BEEAC,NSW,,,10691,10691,84
44139,BEEAC,NSW,,,10691,10691,84
30354,BEECH FOREST,NSW,,,10166,10166,84
44017,BEECH FOREST,NSW,,,10166,10166,84
29815,BEENAK,NSW,,,10826,10826,82
43478,BEENAK,NSW,,,10826,10826,82
29934,BELGRAVE SOUTH,NSW,,,10413,10413,82
43597,BELGRAVE SOUTH,NSW,,,10413,10413,82
31580,BELLELLEN,NSW,,,11394,11394,80
45243,BELLELLEN,NSW,,,11394,11394,80
30311,BELLS BEACH,NSW,,,10518,10518,84
43974,BELLS BEACH,NSW,,,10518,10518,84
30981,BENAYEO,NSW,,,10358,10358,82
44644,BENAYEO,NSW,,,10358,10358,82
29732,BENNETTSWOOD,NSW,,,20267,20267,81
43395,BENNETTSWOOD,NSW,,,20267,20267,81
29958,BENTLEIGH EAST,NSW,,,20270,20270,83
43621,BENTLEIGH EAST,NSW,,,20270,20270,83
30340,BENWERRIN,NSW,,,10695,10695,81
44003,BENWERRIN,NSW,,,10695,10695,81
31123,BEREMBOKE,NSW,,,10351,10351,83
44786,BEREMBOKE,NSW,,,10351,10351,83
30993,BERRYBANK,NSW,,,10398,10398,82
44656,BERRYBANK,NSW,,,10398,10398,82
30814,BESSIEBELLE,NSW,,,20282,20282,80
44477,BESSIEBELLE,NSW,,,20282,20282,80
31706,BEULAH,NSW,,,10797,10797,84
45369,BEULAH,NSW,,,10797,10797,84
30408,BIRREGURRA,NSW,,,10466,10466,80
44071,BIRREGURRA,NSW,,,10466,10466,80
30083,BLACK ROCK,NSW,,,14072,14072,81
43746,BLACK ROCK,NSW,,,14072,14072,81
30085,BLACK ROCK NORTH,NSW,,,13613,13613,80
43748,BLACK ROCK NORTH,NSW,,,13613,13613,80
29764,BLACKBURN NORTH,NSW,,,20313,20313,84
43427,BLACKBURN NORTH,NSW,,,20313,20313,84
30771,BOCHARA,NSW,,,10240,10240,84
44434,BOCHARA,NSW,,,10240,10240,84
30108,BONBEACH,NSW,,,10719,10719,83
43771,BONBEACH,NSW,,,10719,10719,83
31052,BONNIE BROOK,NSW,,,20345,20345,81
44715,BONNIE BROOK,NSW,,,20345,20345,81
30488,BOOKAAR,NSW,,,10738,10738,83
44151,BOOKAAR,NSW,,,10738,10738,83
31678,BOOLITE,NSW,,,10535,10535,82
45341,BOOLITE,NSW,,,10535,10535,82
30490,BOSTOCKS CREEK,NSW,,,20372,20372,83
44153,BOSTOCKS CREEK,NSW,,,20372,20372,83
31385,BRADVALE,NSW,,,10201,10201,83
45048,BRADVALE,NSW,,,10201,10201,83
30098,BRAESIDE,NSW,,,10679,10679,82
43761,BRAESIDE,NSW,,,10679,10679,82
29890,BRANDON PARK,NSW,,,10682,10682,83
43553,BRANDON PARK,NSW,,,10682,10682,83
30800,BRANXHOLME,NSW,,,60073,60073,81
44463,BRANXHOLME,NSW,,,60073,60073,81
29258,BRAYBROOK NORTH,NSW,,,20395,20395,84
42921,BRAYBROOK NORTH,NSW,,,20395,20395,84
30804,BREAKAWAY CREEK,NSW,,,10686,10686,84
44467,BREAKAWAY CREEK,NSW,,,10686,10686,84
30305,BREAMLEA,NSW,,,10374,10374,82
43968,BREAMLEA,NSW,,,10374,10374,82
29770,BRENTFORD SQUARE,NSW,,,20400,20400,80
43433,BRENTFORD SQUARE,NSW,,,20400,20400,80
31248,BREWSTER,NSW,,,12703,12703,83
44911,BREWSTER,NSW,,,12703,12703,83
31582,BRIDGE INN,NSW,,,13438,13438,84
45245,BRIDGE INN,NSW,,,13438,13438,84
31676,BRIM,NSW,,,10396,10396,84
45339,BRIM,NSW,,,10396,10396,84
30876,BRIMBOAL,NSW,,,10242,10242,83
44539,BRIMBOAL,NSW,,,10242,10242,83
30983,BRINGALBERT,NSW,,,10028,10028,80
44646,BRINGALBERT,NSW,,,10028,10028,80
30584,BRUCKNELL,NSW,,,10827,10827,80
44247,BRUCKNELL,NSW,,,10827,10827,80
29465,BRUNSWICK LOWER,NSW,,,20441,20441,84
43128,BRUNSWICK LOWER,NSW,,,20441,20441,84
29467,BRUNSWICK NORTH,NSW,,,20442,20442,84
43130,BRUNSWICK NORTH,NSW,,,20442,20442,84
29457,BRUNSWICK WEST,NSW,,,20444,20444,83
43120,BRUNSWICK WEST,NSW,,,20444,20444,83
30774,BUCKLEY SWAMP,NSW,,,10479,10479,81
44437,BUCKLEY SWAMP,NSW,,,10479,10479,81
30561,BULLAHARRE,NSW,,,10807,10807,81
44224,BULLAHARRE,NSW,,,10807,10807,81
29666,BULLEEN SOUTH,NSW,,,14303,14303,82
43329,BULLEEN SOUTH,NSW,,,14303,14303,82
31127,BUNDING,NSW,,,10661,10661,82
44790,BUNDING,NSW,,,10661,10661,82
31369,BUNINYONG,NSW,,,10445,10445,80
45032,BUNINYONG,NSW,,,10445,10445,80
31254,BUNKERS HILL,NSW,,,10764,10764,81
44917,BUNKERS HILL,NSW,,,10764,10764,81
31457,BURNBANK,NSW,,,10847,10847,82
45120,BURNBANK,NSW,,,10847,10847,82
29896,BURWOOD EAST,NSW,,,10886,10886,81
43559,BURWOOD EAST,NSW,,,10886,10886,81
30768,BYADUK NORTH,NSW,,,13592,13592,81
44431,BYADUK NORTH,NSW,,,13592,13592,81
31412,CABBAGE TREE,NSW,,,10910,10910,82
45075,CABBAGE TREE,NSW,,,10910,10910,82
29286,CAIRNLEA,NSW,,,10956,10956,82
42949,CAIRNLEA,NSW,,,10956,10956,82
31597,CALLAWADDA,NSW,,,10047,10047,80
45260,CALLAWADDA,NSW,,,10047,10047,80
29724,CAMBERWELL SOUTH,NSW,,,10940,10940,82
43387,CAMBERWELL SOUTH,NSW,,,10940,10940,82
31258,CAMBRIAN HILL,NSW,,,20547,20547,82
44921,CAMBRIAN HILL,NSW,,,20547,20547,82
29493,CAMPBELLFIELD,NSW,,,10322,10322,83
43156,CAMPBELLFIELD,NSW,,,10322,10322,83
31692,CANNUM,NSW,,,12987,12987,80
45355,CANNUM,NSW,,,12987,12987,80
30637,CARAMUT,NSW,,,11009,11009,82
44300,CARAMUT,NSW,,,11009,11009,82
30878,CARAPOOK,NSW,,,11012,11012,82
44541,CARAPOOK,NSW,,,11012,11012,82
31044,CARGERIE,NSW,,,10915,10915,82
44707,CARGERIE,NSW,,,10915,10915,82
30376,CARLISLE RIVER,NSW,,,12840,12840,82
44039,CARLISLE RIVER,NSW,,,12840,12840,82
29950,CARNEGIE,NSW,,,10971,10971,82
43613,CARNEGIE,NSW,,,10971,10971,82
29288,CAROLINE SPRINGS,NSW,,,20599,20599,80
42951,CAROLINE SPRINGS,NSW,,,20599,20599,80
30116,CARRUM,NSW,,,11016,11016,82
43779,CARRUM,NSW,,,11016,11016,82
30140,CARRUM DOWNS,NSW,,,20608,20608,81
43803,CARRUM DOWNS,NSW,,,20608,20608,81
30843,CASHMORE,NSW,,,11131,11131,83
44506,CASHMORE,NSW,,,11131,11131,83
29856,CAULFIELD EAST,NSW,,,20623,20623,83
43519,CAULFIELD EAST,NSW,,,20623,20623,83
29944,CAULFIELD SOUTH,NSW,,,11711,11711,83
43607,CAULFIELD SOUTH,NSW,,,11711,11711,83
31264,CHAPEL FLAT,NSW,,,20634,20634,80
44927,CHAPEL FLAT,NSW,,,20634,20634,80
29836,CHAPEL STREET NORTH,NSW,,,20635,20635,83
43499,CHAPEL STREET NORTH,NSW,,,20635,20635,83
30378,CHAPPLE VALE,NSW,,,10974,10974,84
44041,CHAPPLE VALE,NSW,,,10974,10974,84
30110,CHELSEA,NSW,,,11102,11102,80
43773,CHELSEA,NSW,,,11102,11102,80
30112,CHELSEA HEIGHTS,NSW,,,20644,20644,84
43775,CHELSEA HEIGHTS,NSW,,,20644,20644,84
31476,CHUTE,NSW,,,12359,12359,80
45139,CHUTE,NSW,,,12359,12359,80
29978,CLAYTON SOUTH,NSW,,,14311,14311,82
43641,CLAYTON SOUTH,NSW,,,14311,14311,82
29517,CLIFTON HILL,NSW,,,11140,11140,81
43180,CLIFTON HILL,NSW,,,11140,11140,81
30927,CLOVER FLAT,NSW,,,11332,11332,81
44590,CLOVER FLAT,NSW,,,11332,11332,81
29960,COATESVILLE,NSW,,,11130,11130,83
43623,COATESVILLE,NSW,,,11130,11130,83
30563,COBDEN,NSW,,,10783,10783,80
44226,COBDEN,NSW,,,10783,10783,80
30565,COBRICO,NSW,,,10391,10391,82
44228,COBRICO,NSW,,,10391,10391,82
29479,COBURG NORTH,NSW,,,12069,12069,82
43142,COBURG NORTH,NSW,,,12069,12069,82
29336,COCOROC,NSW,,,11218,11218,82
42999,COCOROC,NSW,,,11218,11218,82
31095,COIMADAI,NSW,,,11205,11205,82
44758,COIMADAI,NSW,,,11205,11205,82
30470,COLAC EAST,NSW,,,11633,11633,83
44133,COLAC EAST,NSW,,,11633,11633,83
30472,COLAC WEST,NSW,,,15264,15264,83
44135,COLAC WEST,NSW,,,15264,15264,83
31601,CONCONGELLA,NSW,,,20737,20737,80
45264,CONCONGELLA,NSW,,,20737,20737,80
30963,CONNEWIRRICOO,NSW,,,20744,20744,82
44626,CONNEWIRRICOO,NSW,,,20744,20744,82
30931,COOJAR,NSW,,,11160,11160,84
44594,COOJAR,NSW,,,11160,11160,84
30586,COORIEMUNGLE,NSW,,,20756,20756,81
44249,COORIEMUNGLE,NSW,,,20756,20756,81
31272,CORINDHAP,NSW,,,10999,10999,83
44935,CORINDHAP,NSW,,,10999,10999,83
30179,CORIO,NSW,,,11294,11294,84
43842,CORIO,NSW,,,11294,11294,84
30486,COROROOKE,NSW,,,10615,10615,83
44149,COROROOKE,NSW,,,10615,10615,83
29637,COTTLES BRIDGE,NSW,,,20782,20782,83
43300,COTTLES BRIDGE,NSW,,,20782,20782,83
30991,CRESSY,NSW,,,60147,60147,80
44654,CRESSY,NSW,,,60147,60147,80
31391,CRESWICK,NSW,,,11116,11116,83
45054,CRESWICK,NSW,,,11116,11116,83
31393,CRESWICK NORTH,NSW,,,20803,20803,83
45056,CRESWICK NORTH,NSW,,,20803,20803,83
29391,CROSS KEYS,NSW,,,12589,12589,83
43054,CROSS KEYS,NSW,,,12589,12589,83
30686,CROSSLEY,NSW,,,11371,11371,81
44349,CROSSLEY,NSW,,,11371,11371,81
29803,CROYDON HILLS,NSW,,,20815,20815,82
43466,CROYDON HILLS,NSW,,,20815,20815,82
29805,CROYDON NORTH,NSW,,,20816,20816,82
43468,CROYDON NORTH,NSW,,,20816,20816,82
30478,CUNDARE,NSW,,,10833,10833,82
44141,CUNDARE,NSW,,,10833,10833,82
30480,CUNDARE NORTH,NSW,,,13605,13605,83
44143,CUNDARE NORTH,NSW,,,13605,13605,83
30592,CURDIES RIVER,NSW,,,11068,11068,81
44255,CURDIES RIVER,NSW,,,11068,11068,81
30004,DANDENONG EAST,NSW,,,20844,20844,83
43667,DANDENONG EAST,NSW,,,20844,20844,83
30006,DANDENONG NORTH,NSW,,,20845,20845,84
43669,DANDENONG NORTH,NSW,,,20845,20845,84
29956,DANDENONG SOUTH,NSW,,,10951,10951,80
43619,DANDENONG SOUTH,NSW,,,10951,10951,80
29862,DARLING SOUTH,NSW,,,11002,11002,83
43525,DARLING SOUTH,NSW,,,11002,11002,83
30219,DEAKIN UNIVERSITY,NSW,,,20864,20864,81
43882,DEAKIN UNIVERSITY,NSW,,,20864,20864,81
30344,DEANS MARSH,NSW,,,20867,20867,80
44007,DEANS MARSH,NSW,,,20867,20867,80
31062,DEANSIDE,NSW,,,10152,10152,83
44725,DEANSIDE,NSW,,,10152,10152,83
29656,DEEPDENE DC,NSW,,,20874,20874,80
43319,DEEPDENE DC,NSW,,,20874,20874,80
29292,DEER PARK NORTH,NSW,,,11665,11665,80
42955,DEER PARK NORTH,NSW,,,11665,11665,80
30051,DENDY,NSW,,,11451,11451,84
43714,DENDY,NSW,,,11451,11451,84
31527,DENICULL CREEK,NSW,,,20886,20886,83
45190,DENICULL CREEK,NSW,,,20886,20886,83
31276,DEREEL,NSW,,,11599,11599,82
44939,DEREEL,NSW,,,11599,11599,82
31004,DERRINALLUM,NSW,,,20896,20896,80
44667,DERRINALLUM,NSW,,,20896,20896,80
29988,DINGLEY VILLAGE,NSW,,,20911,20911,84
43651,DINGLEY VILLAGE,NSW,,,20911,20911,84
31529,DOBIE,NSW,,,11618,11618,80
45192,DOBIE,NSW,,,11618,11618,80
29218,DOCKLANDS,NSW,,,10739,10739,81
42881,DOCKLANDS,NSW,,,10739,10739,81
29674,DONCASTER EAST,NSW,,,20927,20927,83
43337,DONCASTER EAST,NSW,,,20927,20927,83
29682,DONVALE,NSW,,,13233,13233,82
43345,DONVALE,NSW,,,13233,13233,82
30884,DORODONG,NSW,,,12634,12634,83
44547,DORODONG,NSW,,,12634,12634,83
30012,DOVETON,NSW,,,11289,11289,82
43675,DOVETON,NSW,,,11289,11289,82
30436,DREEITE SOUTH,NSW,,,11303,11303,81
44099,DREEITE SOUTH,NSW,,,11303,11303,81
31461,DUNACH,NSW,,,11612,11612,82
45124,DUNACH,NSW,,,11612,11612,82
30629,DUNDONNELL,NSW,,,11604,11604,80
44292,DUNDONNELL,NSW,,,11604,11604,80
31531,DUNNEWORTHY,NSW,,,20971,20971,80
45194,DUNNEWORTHY,NSW,,,20971,20971,80
31278,DUNNSTOWN,NSW,,,11601,11601,80
44941,DUNNSTOWN,NSW,,,11601,11601,80
30886,DUNROBIN,NSW,,,11605,11605,82
44549,DUNROBIN,NSW,,,11605,11605,82
31131,DURDIDWARRAH,NSW,,,20975,20975,81
44794,DURDIDWARRAH,NSW,,,20975,20975,81
31280,DURHAM LEAD,NSW,,,20976,20976,80
44943,DURHAM LEAD,NSW,,,20976,20976,80
30235,EAST GEELONG,NSW,,,20990,20990,81
43898,EAST GEELONG,NSW,,,20990,20990,81
29204,EAST MELBOURNE,NSW,,,20992,20992,83
42867,EAST MELBOURNE,NSW,,,20992,20992,83
30322,EASTERN VIEW,NSW,,,20998,20998,81
43985,EASTERN VIEW,NSW,,,20998,20998,81
30965,EDENHOPE,NSW,,,11663,11663,80
44628,EDENHOPE,NSW,,,11663,11663,80
30114,EDITHVALE,NSW,,,11670,11670,82
43777,EDITHVALE,NSW,,,11670,11670,82
31046,ELAINE,NSW,,,11712,11712,82
44709,ELAINE,NSW,,,11712,11712,82
30567,ELINGAMITE,NSW,,,13085,13085,80
44230,ELINGAMITE,NSW,,,13085,13085,80
30041,ELSTERNWICK,NSW,,,21031,21031,80
43704,ELSTERNWICK,NSW,,,21031,21031,80
29624,ELTHAM NORTH,NSW,,,13585,13585,83
43287,ELTHAM NORTH,NSW,,,13585,13585,83
29387,ESSENDON,NSW,,,11738,11738,80
43050,ESSENDON,NSW,,,11738,11738,80
29393,ESSENDON FIELDS,NSW,,,21055,21055,84
43056,ESSENDON FIELDS,NSW,,,21055,21055,84
29395,ESSENDON NORTH,NSW,,,21056,21056,83
43058,ESSENDON NORTH,NSW,,,21056,21056,83
29389,ESSENDON WEST,NSW,,,11076,11076,82
43052,ESSENDON WEST,NSW,,,11076,11076,82
30014,EUMEMMERRING,NSW,,,21058,21058,81
43677,EUMEMMERRING,NSW,,,21058,21058,81
30482,EURACK,NSW,,,12786,12786,84
44145,EURACK,NSW,,,12786,12786,84
31463,EVANSFORD,NSW,,,10120,10120,83
45126,EVANSFORD,NSW,,,10120,10120,83
31533,EVERSLEY,NSW,,,12508,12508,83
45196,EVERSLEY,NSW,,,12508,12508,83
30324,FAIRHAVEN,NSW,,,11092,11092,81
43987,FAIRHAVEN,NSW,,,11092,11092,81
29489,FAWKNER EAST,NSW,,,21079,21079,81
43152,FAWKNER EAST,NSW,,,21079,21079,81
29491,FAWKNER NORTH,NSW,,,21080,21080,82
43154,FAWKNER NORTH,NSW,,,21080,21080,82
29296,FIELDSTONE,NSW,,,11963,11963,81
42959,FIELDSTONE,NSW,,,11963,11963,81
31133,FISKVILLE,NSW,,,12823,12823,81
44796,FISKVILLE,NSW,,,12823,12823,81
29519,FITZROY NORTH,NSW,,,21098,21098,82
43182,FITZROY NORTH,NSW,,,21098,21098,82
30535,FRAMLINGHAM,NSW,,,21122,21122,80
44198,FRAMLINGHAM,NSW,,,21122,21122,80
30126,FRANKSTON EAST,NSW,,,21126,21126,83
43789,FRANKSTON EAST,NSW,,,21126,21126,83
30130,FRANKSTON SOUTH,NSW,,,14311,14311,83
43793,FRANKSTON SOUTH,NSW,,,14311,14311,83
30221,FYANSFORD,NSW,,,10120,10120,83
43884,FYANSFORD,NSW,,,10120,10120,83
30160,GARDEN CITY,NSW,,,21147,21147,80
43823,GARDEN CITY,NSW,,,21147,21147,80
30043,GARDENVALE,NSW,,,12110,12110,81
43706,GARDENVALE,NSW,,,12110,12110,81
30539,GARVOC,NSW,,,10148,10148,84
44202,GARVOC,NSW,,,10148,10148,84
30190,GEELONG NORTH,NSW,,,10342,10342,82
43853,GEELONG NORTH,NSW,,,10342,10342,82
30223,GEELONG WEST,NSW,,,11745,11745,82
43886,GEELONG WEST,NSW,,,11745,11745,82
30380,GELLIBRAND,NSW,,,11688,11688,83
44043,GELLIBRAND,NSW,,,11688,11688,83
30412,GERANGAMETE,NSW,,,11899,11899,80
44075,GERANGAMETE,NSW,,,11899,11899,80
31607,GERMANIA,NSW,,,12081,12081,82
45270,GERMANIA,NSW,,,12081,12081,82
30740,GERRIGERRUP,NSW,,,21175,21175,80
44403,GERRIGERRUP,NSW,,,21175,21175,80
30386,GHERANG,NSW,,,10381,10381,82
44049,GHERANG,NSW,,,10381,10381,82
29952,GLEN HUNTLY,NSW,,,21200,21200,80
43615,GLEN HUNTLY,NSW,,,21200,21200,80
29892,GLEN WAVERLEY,NSW,,,15216,15216,83
43555,GLEN WAVERLEY,NSW,,,15216,15216,83
29710,GLENFERRIE SOUTH,NSW,,,11711,11711,81
43373,GLENFERRIE SOUTH,NSW,,,11711,11711,81
30571,GLENFYNE,NSW,,,11993,11993,80
44234,GLENFYNE,NSW,,,11993,11993,80
29264,GLENGALA,NSW,,,10368,10368,83
42927,GLENGALA,NSW,,,10368,10368,83
31451,GLENGOWER,NSW,,,11983,11983,83
45114,GLENGOWER,NSW,,,11983,11983,83
30917,GLENISLA,NSW,,,11993,11993,80
44580,GLENISLA,NSW,,,11993,11993,80
30541,GLENORMISTON,NSW,,,21236,21236,81
44204,GLENORMISTON,NSW,,,21236,21236,81
30545,GLENORMISTON SOUTH,NSW,,,21238,21238,82
44208,GLENORMISTON SOUTH,NSW,,,21238,21238,82
30748,GLENTHOMPSON,NSW,,,21243,21243,81
44411,GLENTHOMPSON,NSW,,,21243,21243,81
31160,GOLDEN POINT,NSW,,,12105,12105,84
44823,GOLDEN POINT,NSW,,,12105,12105,84
30847,GORAE,NSW,,,11894,11894,84
44510,GORAE,NSW,,,11894,11894,84
29411,GOWANBRAE,NSW,,,12071,12071,82
43074,GOWANBRAE,NSW,,,12071,12071,82
31054,GRANGEFIELDS,NSW,,,10672,10672,83
44717,GRANGEFIELDS,NSW,,,10672,10672,83
30802,GRASSDALE,NSW,,,11481,11481,80
44465,GRASSDALE,NSW,,,11481,11481,80
31501,GREAT WESTERN,NSW,,,21307,21307,82
45164,GREAT WESTERN,NSW,,,21307,21307,82
30262,GREY RIVER,NSW,,,11843,11843,80
43925,GREY RIVER,NSW,,,11843,11843,80
29662,GREYTHORN,NSW,,,12011,12011,81
43325,GREYTHORN,NSW,,,12011,12011,81
30935,GRINGEGALGONA,NSW,,,21325,21325,82
44598,GRINGEGALGONA,NSW,,,21325,21325,82
30203,GROVEDALE EAST,NSW,,,21328,21328,83
43866,GROVEDALE EAST,NSW,,,21328,21328,83
31192,HADDON,NSW,,,10215,10215,80
44855,HADDON,NSW,,,10215,10215,80
30192,HAMLYN HEIGHTS,NSW,,,10973,10973,83
43855,HAMLYN HEIGHTS,NSW,,,10973,10973,83
30959,HARROW,NSW,,,11473,11473,80
44622,HARROW,NSW,,,11473,11473,80
30734,HAWKESDALE,NSW,,,12910,12910,81
44397,HAWKESDALE,NSW,,,12910,12910,81
29719,HAWTHORN EAST,NSW,,,12214,12214,82
43382,HAWTHORN EAST,NSW,,,12214,12214,82
29714,HAWTHORN NORTH,NSW,,,12215,12215,83
43377,HAWTHORN NORTH,NSW,,,12215,12215,83
29716,HAWTHORN WEST,NSW,,,21376,21376,82
43379,HAWTHORN WEST,NSW,,,21376,21376,82
30870,HEATH FIELD,NSW,,,21386,21386,80
44533,HEATH FIELD,NSW,,,21386,21386,80
30142,HEATHERTON,NSW,,,11702,11702,80
43805,HEATHERTON,NSW,,,11702,11702,80
29577,HEIDELBERG WEST,NSW,,,21399,21399,84
43240,HEIDELBERG WEST,NSW,,,21399,21399,84
30824,HEYWOOD,NSW,,,12225,12225,82
44487,HEYWOOD,NSW,,,12225,12225,82
29351,HIGHPOINT CITY,NSW,,,21419,21419,83
43014,HIGHPOINT CITY,NSW,,,21419,21419,83
30939,HILGAY,NSW,,,12251,12251,82
44602,HILGAY,NSW,,,12251,12251,82
29880,HOLMESGLEN,NSW,,,12317,12317,83
43543,HOLMESGLEN,NSW,,,12317,12317,83
30370,HORDERN VALE,NSW,,,11491,11491,83
44033,HORDERN VALE,NSW,,,11491,11491,83
29441,HOTHAM HILL,NSW,,,13600,13600,83
43104,HOTHAM HILL,NSW,,,13600,13600,83
29639,HURSTBRIDGE,NSW,,,13641,13641,80
43302,HURSTBRIDGE,NSW,,,13641,13641,80
30288,INDENTED HEAD,NSW,,,21474,21474,82
43951,INDENTED HEAD,NSW,,,21474,21474,82
31295,INVERMAY,NSW,,,60306,60306,83
44958,INVERMAY,NSW,,,60306,60306,83
31162,INVERMAY PARK,NSW,,,10682,10682,80
44825,INVERMAY PARK,NSW,,,10682,10682,80
30440,IRREWILLIPE,NSW,,,21492,21492,80
44103,IRREWILLIPE,NSW,,,21492,21492,80
29567,IVANHOE EAST,NSW,,,12403,12403,81
43230,IVANHOE EAST,NSW,,,12403,12403,81
29569,IVANHOE NORTH,NSW,,,21497,21497,82
43232,IVANHOE NORTH,NSW,,,21497,21497,82
29429,JACANA,NSW,,,10971,10971,80
43092,JACANA,NSW,,,10971,10971,80
30967,JALLAKIN,NSW,,,12959,12959,82
44630,JALLAKIN,NSW,,,12959,12959,82
30575,JANCOURT EAST,NSW,,,21509,21509,82
44238,JANCOURT EAST,NSW,,,21509,21509,82
31617,JOEL SOUTH,NSW,,,11303,11303,83
45280,JOEL SOUTH,NSW,,,11303,11303,83
30372,JOHANNA,NSW,,,12415,12415,82
44035,JOHANNA,NSW,,,12415,12415,82
31719,JUNG,NSW,,,12466,12466,84
45382,JUNG,NSW,,,12466,12466,84
30969,KADNOOK,NSW,,,12481,12481,83
44632,KADNOOK,NSW,,,12481,12481,83
29632,KANGAROO GROUND,NSW,,,21559,21559,84
43295,KANGAROO GROUND,NSW,,,21559,21559,84
31619,KANYA,NSW,,,12471,12471,84
45282,KANYA,NSW,,,12471,12471,84
30134,KARINGAL CENTRE,NSW,,,21570,21570,84
43797,KARINGAL CENTRE,NSW,,,21570,21570,84
29361,KEILOR,NSW,,,12520,12520,84
43024,KEILOR,NSW,,,12520,12520,84
29375,KEILOR DOWNS,NSW,,,21583,21583,81
43038,KEILOR DOWNS,NSW,,,21583,21583,81
29357,KEILOR EAST,NSW,,,11641,11641,84
43020,KEILOR EAST,NSW,,,11641,11641,84
29377,KEILOR LODGE,NSW,,,21585,21585,81
43040,KEILOR LODGE,NSW,,,21585,21585,81
29363,KEILOR NORTH,NSW,,,21586,21586,81
43026,KEILOR NORTH,NSW,,,21586,21586,81
29403,KEILOR PARK,NSW,,,11061,11061,83
43066,KEILOR PARK,NSW,,,11061,11061,83
30382,KENNEDYS CREEK,NSW,,,12000,12000,83
44045,KENNEDYS CREEK,NSW,,,12000,12000,83
29758,KERRIMUIR,NSW,,,12542,12542,81
43421,KERRIMUIR,NSW,,,12542,12542,81
29648,KEW EAST,NSW,,,11656,11656,80
43311,KEW EAST,NSW,,,11656,11656,80
29992,KEYSBOROUGH,NSW,,,21610,21610,80
43655,KEYSBOROUGH,NSW,,,21610,21610,80
29231,KINGSVILLE WEST,NSW,,,21638,21638,84
42894,KINGSVILLE WEST,NSW,,,21638,21638,84
30726,KNEBSWORTH,NSW,,,13556,13556,80
44389,KNEBSWORTH,NSW,,,13556,13556,80
30020,KNOXFIELD,NSW,,,11710,11710,83
43683,KNOXFIELD,NSW,,,11710,11710,83
30941,KONONGWOOTONG,NSW,,,21654,21654,82
44604,KONONGWOOTONG,NSW,,,21654,21654,82
31425,KOOROOCHEANG,NSW,,,21666,21666,81
45088,KOOROOCHEANG,NSW,,,21666,21666,81
30684,KOROIT,NSW,,,12626,12626,84
44347,KOROIT,NSW,,,12626,12626,84
31068,KURUNJANG,NSW,,,12189,12189,83
44731,KURUNJANG,NSW,,,12189,12189,83
29585,LA TROBE UNIVERSITY,NSW,,,21700,21700,83
43248,LA TROBE UNIVERSITY,NSW,,,21700,21700,83
29768,LABURNUM,NSW,,,10129,10129,82
43431,LABURNUM,NSW,,,10129,10129,82
31698,LAH,NSW,,,11249,11249,82
45361,LAH,NSW,,,11249,11249,82
31199,LAKE BOLAC,NSW,,,12707,12707,80
44862,LAKE BOLAC,NSW,,,12707,12707,80
30810,LAKE CONDAH,NSW,,,12707,12707,84
44473,LAKE CONDAH,NSW,,,12707,12707,84
31359,LAKE GARDENS,NSW,,,21721,21721,81
45022,LAKE GARDENS,NSW,,,21721,21721,81
31480,LAKE GOLDSMITH,NSW,,,21722,21722,83
45143,LAKE GOLDSMITH,NSW,,,21722,21722,83
31623,LAKE LONSDALE,NSW,,,12740,12740,83
45286,LAKE LONSDALE,NSW,,,12740,12740,83
31164,LAKE WENDOUREE,NSW,,,21736,21736,83
44827,LAKE WENDOUREE,NSW,,,21736,21736,83
29555,LALOR,NSW,,,11894,11894,84
43218,LALOR,NSW,,,11894,11894,84
29557,LALOR PLAZA,NSW,,,12725,12725,83
43220,LALOR PLAZA,NSW,,,12725,12725,83
31644,LANDSBOROUGH,NSW,,,11690,11690,81
45307,LANDSBOROUGH,NSW,,,11690,11690,81
31397,LANGDONS HILL,NSW,,,21751,21751,82
45060,LANGDONS HILL,NSW,,,21751,21751,82
31301,LANGI KAL KAL,NSW,,,21752,21752,82
44964,LANGI KAL KAL,NSW,,,21752,21752,82
31537,LANGI LOGAN,NSW,,,12698,12698,80
45200,LANGI LOGAN,NSW,,,12698,12698,80
30446,LARPENT,NSW,,,12746,12746,82
44109,LARPENT,NSW,,,12746,12746,82
30374,LAVERS HILL,NSW,,,12879,12879,83
44037,LAVERS HILL,NSW,,,12879,12879,83
30505,LESLIE MANOR,NSW,,,21789,21789,81
44168,LESLIE MANOR,NSW,,,21789,21789,81
31721,LONGERENONG,NSW,,,11695,11695,80
45384,LONGERENONG,NSW,,,11695,11695,80
30175,LOVELY BANKS,NSW,,,21844,21844,81
43838,LOVELY BANKS,NSW,,,21844,21844,81
31625,LUBECK,NSW,,,12916,12916,82
45288,LUBECK,NSW,,,12916,12916,82
29471,LYGON STREET NORTH,NSW,,,21856,21856,82
43134,LYGON STREET NORTH,NSW,,,21856,21856,82
30828,LYONS,NSW,,,12880,12880,82
44491,LYONS,NSW,,,12880,12880,82
29916,LYSTERFIELD,NSW,,,11134,11134,83
43579,LYSTERFIELD,NSW,,,11134,11134,83
29918,LYSTERFIELD SOUTH,NSW,,,11711,11711,84
43581,LYSTERFIELD SOUTH,NSW,,,11711,11711,84
30728,MACARTHUR,NSW,,,70236,70236,83
44391,MACARTHUR,NSW,,,70236,70236,83
29599,MACLEOD WEST,NSW,,,21869,21869,81
43262,MACLEOD WEST,NSW,,,21869,21869,81
31309,MAGPIE,NSW,,,10054,10054,80
44972,MAGPIE,NSW,,,10054,10054,80
31484,MAIN LEAD,NSW,,,12133,12133,81
45147,MAIN LEAD,NSW,,,12133,12133,81
29864,MALVERN EAST,NSW,,,21893,21893,81
43527,MALVERN EAST,NSW,,,21893,21893,81
29300,MANOR LAKES,NSW,,,12716,12716,81
42963,MANOR LAKES,NSW,,,12716,12716,81
29353,MARIBYRNONG,NSW,,,12993,12993,81
43016,MARIBYRNONG,NSW,,,12993,12993,81
31666,MARNOO WEST,NSW,,,21919,21919,80
45329,MARNOO WEST,NSW,,,21919,21919,80
29433,MEADOW HEIGHTS,NSW,,,12973,12973,83
43096,MEADOW HEIGHTS,NSW,,,12973,12973,83
30973,MEEREEK,NSW,,,10366,10366,82
44636,MEEREEK,NSW,,,10366,10366,82
29202,MELBOURNE,NSW,,,12881,12881,82
42865,MELBOURNE,NSW,,,12881,12881,82
29445,MELBOURNE UNIVERSITY,NSW,,,21970,21970,83
43108,MELBOURNE UNIVERSITY,NSW,,,21970,21970,83
31072,MELTON WEST,NSW,,,15267,15267,80
44735,MELTON WEST,NSW,,,15267,15267,80
30090,MENTONE EAST,NSW,,,21978,21978,81
43753,MENTONE EAST,NSW,,,21978,21978,81
30649,MEPUNGA,NSW,,,13085,13085,82
44312,MEPUNGA,NSW,,,13085,13085,82
30651,MEPUNGA EAST,NSW,,,21981,21981,81
44314,MEPUNGA EAST,NSW,,,21981,21981,81
30653,MEPUNGA WEST,NSW,,,21982,21982,81
44316,MEPUNGA WEST,NSW,,,21982,21982,81
29481,MERLYNSTON,NSW,,,11702,11702,80
43144,MERLYNSTON,NSW,,,11702,11702,80
31106,MERRIMU,NSW,,,13102,13102,83
44769,MERRIMU,NSW,,,13102,13102,83
31509,MIDDLE CREEK,NSW,,,13136,13136,84
45172,MIDDLE CREEK,NSW,,,13136,13136,84
30158,MIDDLE PARK,NSW,,,13140,13140,81
43821,MIDDLE PARK,NSW,,,13140,13140,81
30736,MINHAMITE,NSW,,,13181,13181,82
44399,MINHAMITE,NSW,,,13181,13181,82
31680,MINYIP,NSW,,,13181,13181,84
45343,MINYIP,NSW,,,13181,13181,84
30758,MIRRANATWA,NSW,,,13190,13190,80
44421,MIRRANATWA,NSW,,,13190,13190,80
29778,MITCHAM NORTH,NSW,,,22051,22051,82
43441,MITCHAM NORTH,NSW,,,22051,22051,82
31315,MITCHELL PARK,NSW,,,13197,13197,83
44978,MITCHELL PARK,NSW,,,13197,13197,83
31317,MOLLONGGHIP,NSW,,,13220,13220,80
44980,MOLLONGGHIP,NSW,,,13220,13220,80
29740,MONT ALBERT,NSW,,,10028,10028,80
43403,MONT ALBERT,NSW,,,10028,10028,80
29621,MONTMORENCY,NSW,,,13238,13238,81
43284,MONTMORENCY,NSW,,,13238,13238,81
30065,MOORABBIN,NSW,,,13240,13240,82
43728,MOORABBIN,NSW,,,13240,13240,82
30067,MOORABBIN EAST,NSW,,,22102,22102,83
43730,MOORABBIN EAST,NSW,,,22102,22102,83
30177,MOORABOOL,NSW,,,11238,11238,83
43840,MOORABOOL,NSW,,,11238,11238,83
29813,MOOROOLBARK,NSW,,,22111,22111,80
43476,MOOROOLBARK,NSW,,,22111,22111,80
29461,MORELAND WEST,NSW,,,13117,13117,83
43124,MORELAND WEST,NSW,,,13117,13117,83
30782,MORGIANA,NSW,,,10613,10613,80
44445,MORGIANA,NSW,,,10613,10613,80
30390,MORIAC,NSW,,,13214,13214,84
44053,MORIAC,NSW,,,13214,13214,84
31048,MORRISONS,NSW,,,13282,13282,80
44711,MORRISONS,NSW,,,13282,13282,80
31627,MORRL MORRL,NSW,,,22127,22127,80
45290,MORRL MORRL,NSW,,,22127,22127,80
31399,MOUNT BECKWORTH,NSW,,,22139,22139,84
45062,MOUNT BECKWORTH,NSW,,,22139,22139,84
31453,MOUNT CAMERON,NSW,,,22148,22148,82
45116,MOUNT CAMERON,NSW,,,22148,22148,82
29302,MOUNT COTTRELL,NSW,,,22152,22152,83
42965,MOUNT COTTRELL,NSW,,,22152,22152,83
31321,MOUNT EGERTON,NSW,,,22160,22160,82
44984,MOUNT EGERTON,NSW,,,22160,22160,82
31467,MOUNT GLASGOW,NSW,,,22165,22165,82
45130,MOUNT GLASGOW,NSW,,,22165,22165,82
31545,MOUNT LONARCH,NSW,,,22170,22170,82
45208,MOUNT LONARCH,NSW,,,22170,22170,82
31323,MOUNT MERCER,NSW,,,13318,13318,83
44986,MOUNT MERCER,NSW,,,13318,13318,83
30392,MOUNT MORIAC,NSW,,,22176,22176,81
44055,MOUNT MORIAC,NSW,,,22176,22176,81
30784,MOUNT NAPIER,NSW,,,22177,22177,81
44447,MOUNT NAPIER,NSW,,,22177,22177,81
31428,MOUNT PROSPECT,NSW,,,13939,13939,80
45091,MOUNT PROSPECT,NSW,,,13939,13939,80
30853,MOUNT RICHMOND,NSW,,,13612,13612,83
44516,MOUNT RICHMOND,NSW,,,13612,13612,83
31137,MOUNT WALLACE,NSW,,,22188,22188,82
44800,MOUNT WALLACE,NSW,,,22188,22188,82
29884,MOUNT WAVERLEY,NSW,,,22189,22189,83
43547,MOUNT WAVERLEY,NSW,,,22189,22189,83
29920,MOUNTAIN GATE,NSW,,,22191,22191,82
43583,MOUNTAIN GATE,NSW,,,22191,22191,82
30832,MUMBANNAR,NSW,,,12966,12966,82
44495,MUMBANNAR,NSW,,,12966,12966,82
30895,MUNTHAM,NSW,,,13037,13037,82
44558,MUNTHAM,NSW,,,13037,13037,82
30229,MURGHEBOLUC,NSW,,,22214,22214,80
43892,MURGHEBOLUC,NSW,,,22214,22214,80
30414,MURROON,NSW,,,13193,13193,82
44077,MURROON,NSW,,,13193,13193,82
29954,MURRUMBEENA,NSW,,,13441,13441,81
43617,MURRUMBEENA,NSW,,,13441,13441,81
31674,MURTOA,NSW,,,13423,13423,84
45337,MURTOA,NSW,,,13423,13423,84
30448,NALANGIL,NSW,,,12475,12475,82
44111,NALANGIL,NSW,,,12475,12475,82
30897,NANGEELA,NSW,,,13564,13564,83
44560,NANGEELA,NSW,,,13564,13564,83
31328,NAPOLEONS,NSW,,,13482,13482,80
44991,NAPOLEONS,NSW,,,13482,13482,80
30655,NARINGAL,NSW,,,10244,10244,83
44318,NARINGAL,NSW,,,10244,10244,83
30657,NARINGAL EAST,NSW,,,22272,22272,82
44320,NARINGAL EAST,NSW,,,22272,22272,82
30752,NARRAPUMELAP SOUTH,NSW,,,22276,22276,82
44415,NARRAPUMELAP SOUTH,NSW,,,22276,22276,82
30711,NARRAWONG,NSW,,,13501,13501,83
44374,NARRAWONG,NSW,,,13501,13501,83
31207,NERRIN NERRIN,NSW,,,22304,22304,82
44870,NERRIN NERRIN,NSW,,,22304,22304,82
30237,NEWCOMB,NSW,,,11679,11679,82
43900,NEWCOMB,NSW,,,11679,11679,82
31432,NEWLYN NORTH,NSW,,,13606,13606,84
45095,NEWLYN NORTH,NSW,,,13606,13606,84
29407,NIDDRIE NORTH,NSW,,,22332,22332,82
43070,NIDDRIE NORTH,NSW,,,22332,22332,82
31209,NINTINGBOOL,NSW,,,22338,22338,80
44872,NINTINGBOOL,NSW,,,22338,22338,80
30602,NIRRANDA EAST,NSW,,,22342,22342,82
44265,NIRRANDA EAST,NSW,,,22342,22342,82
29998,NOBLE PARK NORTH,NSW,,,22346,22346,80
43661,NOBLE PARK NORTH,NSW,,,22346,22346,80
30551,NOORAT,NSW,,,13575,13575,84
44214,NOORAT,NSW,,,13575,13575,84
30181,NORLANE,NSW,,,12423,12423,82
43844,NORLANE,NSW,,,12423,12423,82
30194,NORTH GEELONG,NSW,,,10342,10342,82
43857,NORTH GEELONG,NSW,,,10342,10342,82
29521,NORTHCOTE,NSW,,,13526,13526,81
43184,NORTHCOTE,NSW,,,13526,13526,81
31549,NORVAL,NSW,,,13649,13649,84
45212,NORVAL,NSW,,,13649,13649,84
29974,NOTTING HILL,NSW,,,22373,22373,81
43637,NOTTING HILL,NSW,,,22373,22373,81
30610,NULLAWARRE NORTH,NSW,,,22382,22382,80
44273,NULLAWARRE NORTH,NSW,,,22382,22382,80
29641,NUTFIELD,NSW,,,14731,14731,81
43304,NUTFIELD,NSW,,,14731,14731,81
29496,OAKLANDS JUNCTION,NSW,,,22400,22400,81
43159,OAKLANDS JUNCTION,NSW,,,22400,22400,81
30301,OCEAN GROVE,NSW,,,13730,13730,84
43964,OCEAN GROVE,NSW,,,13730,13730,84
30398,OMBERSLEY,NSW,,,13700,13700,82
44061,OMBERSLEY,NSW,,,13700,13700,82
30148,ORMOND,NSW,,,14053,14053,82
43811,ORMOND,NSW,,,14053,14053,82
30612,PAARATTE,NSW,,,13792,13792,80
44275,PAARATTE,NSW,,,13792,13792,80
30555,PANMURE,NSW,,,13790,13790,82
44218,PANMURE,NSW,,,13790,13790,82
29688,PARK ORCHARDS,NSW,,,13725,13725,80
43351,PARK ORCHARDS,NSW,,,13725,13725,80
29417,PASCOE VALE SOUTH,NSW,,,22446,22446,81
43080,PASCOE VALE SOUTH,NSW,,,22446,22446,81
30138,PINES FOREST,NSW,,,11853,11853,81
43801,PINES FOREST,NSW,,,11853,11853,81
30295,POINT LONSDALE,NSW,,,11442,11442,82
43958,POINT LONSDALE,NSW,,,11442,11442,82
30507,POMBORNEIT,NSW,,,13737,13737,80
44170,POMBORNEIT,NSW,,,13737,13737,80
30509,POMBORNEIT NORTH,NSW,,,22507,22507,80
44172,POMBORNEIT NORTH,NSW,,,22507,22507,80
30290,PORTARLINGTON,NSW,,,14880,14880,84
43953,PORTARLINGTON,NSW,,,14880,14880,84
30857,PORTLAND NORTH,NSW,,,12907,12907,83
44520,PORTLAND NORTH,NSW,,,12907,12907,83
30859,PORTLAND WEST,NSW,,,13920,13920,83
44522,PORTLAND WEST,NSW,,,13920,13920,83
30022,PRAHRAN,NSW,,,13792,13792,84
43685,PRAHRAN,NSW,,,13792,13792,84
29533,PRESTON LOWER,NSW,,,12907,12907,80
43196,PRESTON LOWER,NSW,,,12907,12907,80
29535,PRESTON SOUTH,NSW,,,13932,13932,83
43198,PRESTON SOUTH,NSW,,,13932,13932,83
29453,PRINCES HILL,NSW,,,14058,14058,84
43116,PRINCES HILL,NSW,,,14058,14058,84
30622,PRINCETOWN,NSW,,,13865,13865,83
44285,PRINCETOWN,NSW,,,13865,13865,83
30659,PURNIM,NSW,,,13744,13744,80
44322,PURNIM,NSW,,,13744,13744,80
29294,RAVENHALL,NSW,,,14005,14005,81
42957,RAVENHALL,NSW,,,14005,14005,81
31469,RED LION,NSW,,,12872,12872,80
45132,RED LION,NSW,,,12872,12872,80
29539,REGENT WEST,NSW,,,14699,14699,83
43202,REGENT WEST,NSW,,,14699,14699,83
31660,RIACHELLA,NSW,,,15557,15557,80
45323,RIACHELLA,NSW,,,15557,15557,80
29701,RICHMOND EAST,NSW,,,14053,14053,83
43364,RICHMOND EAST,NSW,,,14053,14053,83
29705,RICHMOND SOUTH,NSW,,,14053,14053,80
43368,RICHMOND SOUTH,NSW,,,14053,14053,80
29800,RINGWOOD EAST,NSW,,,14059,14059,83
43463,RINGWOOD EAST,NSW,,,14059,14059,83
29790,RINGWOOD NORTH,NSW,,,14059,14059,80
43453,RINGWOOD NORTH,NSW,,,14059,14059,80
30196,RIPPLESIDE,NSW,,,14063,14063,81
43859,RIPPLESIDE,NSW,,,14063,14063,81
29260,ROBINSON,NSW,,,14070,14070,80
42923,ROBINSON,NSW,,,14070,14070,80
31056,ROCKBANK,NSW,,,14100,14100,83
44719,ROCKBANK,NSW,,,14100,14100,83
31215,ROKEWOOD JUNCTION,NSW,,,22637,22637,81
44878,ROKEWOOD JUNCTION,NSW,,,22637,22637,81
29593,ROSANNA,NSW,,,14132,14132,80
43256,ROSANNA,NSW,,,14132,14132,80
31634,ROSTRON,NSW,,,14122,14122,84
45297,ROSTRON,NSW,,,14122,14122,84
30903,SANDFORD,NSW,,,14186,14186,82
44566,SANDFORD,NSW,,,14186,14186,82
31219,SCARSDALE,NSW,,,14107,14107,80
44882,SCARSDALE,NSW,,,14107,14107,80
30018,SCORESBY,NSW,,,14297,14297,83
43681,SCORESBY,NSW,,,14297,14297,83
31334,SCOTCHMANS LEAD,NSW,,,14215,14215,81
44997,SCOTCHMANS LEAD,NSW,,,14215,14215,81
29254,SEAHOLME,NSW,,,15579,15579,83
42917,SEAHOLME,NSW,,,15579,15579,83
29224,SEDDON,NSW,,,41630,41630,84
42887,SEDDON,NSW,,,41630,41630,84
30268,SEPARATION CREEK,NSW,,,14345,14345,83
43931,SEPARATION CREEK,NSW,,,14345,14345,83
29825,SEVILLE EAST,NSW,,,14113,14113,80
43488,SEVILLE EAST,NSW,,,14113,14113,80
30338,SKENES CREEK NORTH,NSW,,,22760,22760,82
44001,SKENES CREEK NORTH,NSW,,,22760,22760,82
31178,SOLDIERS HILL,NSW,,,14261,14261,82
44841,SOLDIERS HILL,NSW,,,14261,14261,82
30250,SOUTH GEELONG,NSW,,,10343,10343,82
43913,SOUTH GEELONG,NSW,,,10343,10343,82
29244,SOUTH KINGSVILLE,NSW,,,14312,14312,82
42907,SOUTH KINGSVILLE,NSW,,,14312,14312,82
30152,SOUTH MELBOURNE,NSW,,,10130,10130,80
43815,SOUTH MELBOURNE,NSW,,,10130,10130,80
30154,SOUTH MELBOURNE DC,NSW,,,22788,22788,82
43817,SOUTH MELBOURNE DC,NSW,,,22788,22788,82
30513,SOUTH PURRUMBETE,NSW,,,22790,22790,80
44176,SOUTH PURRUMBETE,NSW,,,22790,22790,80
29214,SOUTH WHARF,NSW,,,14698,14698,80
42877,SOUTH WHARF,NSW,,,14698,14698,80
29840,SOUTH YARRA,NSW,,,14329,14329,80
43503,SOUTH YARRA,NSW,,,14329,14329,80
30692,SOUTHERN CROSS,NSW,,,33214,33214,83
44355,SOUTHERN CROSS,NSW,,,33214,33214,83
30079,SOUTHLAND CENTRE,NSW,,,22795,22795,80
43742,SOUTHLAND CENTRE,NSW,,,22795,22795,80
29246,SPOTSWOOD,NSW,,,14115,14115,80
42909,SPOTSWOOD,NSW,,,14115,14115,80
31338,SPRINGBANK,NSW,,,14361,14361,83
45001,SPRINGBANK,NSW,,,14361,14361,83
29990,SPRINGVALE SOUTH,NSW,,,14364,14364,82
43653,SPRINGVALE SOUTH,NSW,,,14364,14364,82
30239,ST ALBANS PARK,NSW,,,14366,14366,84
43902,ST ALBANS PARK,NSW,,,14366,14366,84
29208,ST KILDA ROAD CENTRAL,NSW,,,22834,22834,84
42871,ST KILDA ROAD CENTRAL,NSW,,,22834,22834,84
31229,STAFFORDSHIRE REEF,NSW,,,22840,22840,82
44892,STAFFORDSHIRE REEF,NSW,,,22840,22840,82
31570,STAVELY,NSW,,,14240,14240,82
45233,STAVELY,NSW,,,14240,14240,82
31588,STAWELL WEST,NSW,,,14699,14699,80
45251,STAWELL WEST,NSW,,,14699,14699,80
31494,STOCKYARD HILL,NSW,,,13734,13734,80
45157,STOCKYARD HILL,NSW,,,13734,13734,80
30905,STRATHDOWNIE,NSW,,,14423,14423,80
44568,STRATHDOWNIE,NSW,,,14423,14423,80
30786,STRATHKELLAR,NSW,,,14422,14422,84
44449,STRATHKELLAR,NSW,,,14422,14422,84
29399,STRATHMORE HEIGHTS,NSW,,,22878,22878,82
43062,STRATHMORE HEIGHTS,NSW,,,22878,22878,82
29901,STUDFIELD,NSW,,,14226,14226,81
43564,STUDFIELD,NSW,,,14226,14226,81
29473,SUMNER,NSW,,,14197,14197,80
43136,SUMNER,NSW,,,14197,14197,80
29267,SUNSHINE NORTH,NSW,,,14461,14461,80
42930,SUNSHINE NORTH,NSW,,,14461,14461,80
29269,SUNSHINE WEST,NSW,,,14461,14461,83
42932,SUNSHINE WEST,NSW,,,14461,14461,83
29744,SURREY HILLS NORTH,NSW,,,22906,22906,82
43407,SURREY HILLS NORTH,NSW,,,22906,22906,82
29735,SURREY HILLS SOUTH,NSW,,,22907,22907,82
43398,SURREY HILLS SOUTH,NSW,,,22907,22907,82
31034,SUTHERLANDS CREEK,NSW,,,14134,14134,82
44697,SUTHERLANDS CREEK,NSW,,,14134,14134,82
30745,TABOR,NSW,,,14688,14688,82
44408,TABOR,NSW,,,14688,14688,82
30865,TAHARA WEST,NSW,,,14699,14699,83
44528,TAHARA WEST,NSW,,,14699,14699,83
31472,TALBOT,NSW,,,14702,14702,84
45135,TALBOT,NSW,,,14702,14702,84
30517,TANDAROOK,NSW,,,15131,15131,83
44180,TANDAROOK,NSW,,,15131,15131,83
29330,TARNEIT,NSW,,,14696,14696,80
42993,TARNEIT,NSW,,,14696,14696,80
30557,TAROON,NSW,,,14702,14702,84
44220,TAROON,NSW,,,14702,14702,84
30955,TARRENLEA,NSW,,,14696,14696,82
44618,TARRENLEA,NSW,,,14696,14696,82
29373,TAYLORS HILL,NSW,,,14715,14715,81
43036,TAYLORS HILL,NSW,,,14715,14715,81
31012,TEESDALE,NSW,,,15283,15283,83
44675,TEESDALE,NSW,,,15283,15283,83
29670,TEMPLESTOWE LOWER,NSW,,,23005,23005,81
43333,TEMPLESTOWE LOWER,NSW,,,23005,23005,81
30241,THOMSON,NSW,,,14849,14849,82
43904,THOMSON,NSW,,,14849,14849,82
29525,THORNBURY,NSW,,,14121,14121,80
43188,THORNBURY,NSW,,,14121,14121,80
31058,THORNHILL PARK,NSW,,,15292,15292,83
44721,THORNHILL PARK,NSW,,,15292,15292,83
30616,TIMBOON,NSW,,,14849,14849,82
44279,TIMBOON,NSW,,,14849,14849,82
31074,TOOLERN VALE,NSW,,,13751,13751,80
44737,TOOLERN VALE,NSW,,,13751,13751,80
29844,TOORAK,NSW,,,14801,14801,84
43507,TOORAK,NSW,,,14801,14801,84
30315,TORQUAY,NSW,,,14801,14801,80
43978,TORQUAY,NSW,,,14801,14801,80
31401,TOURELLO,NSW,,,14953,14953,83
45064,TOURELLO,NSW,,,14953,14953,83
31498,TRAWALLA,NSW,,,15036,15036,82
45161,TRAWALLA,NSW,,,15036,15036,82
31650,TULKARA,NSW,,,14688,14688,84
45313,TULKARA,NSW,,,14688,14688,84
29680,TUNSTALL SQUARE PO,NSW,,,23122,23122,82
43343,TUNSTALL SQUARE PO,NSW,,,23122,23122,82
30718,TYRENDARRA,NSW,,,14898,14898,80
44381,TYRENDARRA,NSW,,,14898,14898,80
29922,UPPER FERNTREE GULLY,NSW,,,23156,23156,83
43585,UPPER FERNTREE GULLY,NSW,,,23156,23156,83
31010,VITE VITE NORTH,NSW,,,23180,23180,84
44673,VITE VITE NORTH,NSW,,,23180,23180,84
30812,WALLACEDALE,NSW,,,15096,15096,81
44475,WALLACEDALE,NSW,,,15096,15096,81
31640,WALLALOO EAST,NSW,,,23207,23207,82
45303,WALLALOO EAST,NSW,,,23207,23207,82
31233,WALLINDUC,NSW,,,15116,15116,80
44896,WALLINDUC,NSW,,,15116,15116,80
30211,WANDANA HEIGHTS,NSW,,,23219,23219,84
43874,WANDANA HEIGHTS,NSW,,,23219,23219,84
29827,WANDIN EAST,NSW,,,23222,23222,80
43490,WANDIN EAST,NSW,,,23222,23222,80
29829,WANDIN NORTH,NSW,,,23223,23223,81
43492,WANDIN NORTH,NSW,,,23223,23223,81
30907,WANDO BRIDGE,NSW,,,23224,23224,81
44570,WANDO BRIDGE,NSW,,,23224,23224,81
30909,WANDO VALE,NSW,,,15147,15147,81
44572,WANDO VALE,NSW,,,15147,15147,81
30665,WANGOOM,NSW,,,15131,15131,82
44328,WANGOOM,NSW,,,15131,15131,82
30792,WANNON,NSW,,,14186,14186,80
44455,WANNON,NSW,,,14186,14186,80
31700,WARRACKNABEAL,NSW,,,23253,23253,82
45363,WARRACKNABEAL,NSW,,,23253,23253,82
29792,WARRANDYTE SOUTH,NSW,,,23259,23259,80
43455,WARRANDYTE SOUTH,NSW,,,23259,23259,80
30794,WARRAYURE,NSW,,,15169,15169,80
44457,WARRAYURE,NSW,,,15169,15169,80
31344,WARRENHEIP,NSW,,,15175,15175,83
45007,WARRENHEIP,NSW,,,15175,15175,83
29381,WATERGARDENS,NSW,,,23278,23278,81
43044,WATERGARDENS,NSW,,,23278,23278,81
29602,WATSONIA,NSW,,,15212,15212,82
43265,WATSONIA,NSW,,,15212,15212,82
29604,WATSONIA NORTH,NSW,,,23284,23284,83
43267,WATSONIA NORTH,NSW,,,23284,23284,83
31652,WATTLE CREEK,NSW,,,15494,15494,84
45315,WATTLE CREEK,NSW,,,15494,15494,84
29628,WATTLE GLEN,NSW,,,15208,15208,84
43291,WATTLE GLEN,NSW,,,15208,15208,84
29754,WATTLE PARK,NSW,,,15327,15327,83
43417,WATTLE PARK,NSW,,,15327,15327,83
29866,WATTLETREE ROAD PO,NSW,,,23292,23292,82
43529,WATTLETREE ROAD PO,NSW,,,23292,23292,82
31348,WAUBRA,NSW,,,15141,15141,84
45011,WAUBRA,NSW,,,15141,15141,84
31350,WEATHERBOARD,NSW,,,23298,23298,81
45013,WEATHERBOARD,NSW,,,23298,23298,81
30362,WEEAPROINAH,NSW,,,23302,23302,80
44025,WEEAPROINAH,NSW,,,23302,23302,80
30484,WEERING,NSW,,,15229,15229,82
44147,WEERING,NSW,,,15229,15229,82
30521,WEERITE,NSW,,,15248,15248,80
44184,WEERITE,NSW,,,15248,15248,80
31361,WENDOUREE,NSW,,,15242,15242,80
45024,WENDOUREE,NSW,,,15242,15242,80
30400,WENSLEYDALE,NSW,,,15283,15283,81
44063,WENSLEYDALE,NSW,,,15283,15283,81
29237,WEST FOOTSCRAY,NSW,,,23325,23325,83
42900,WEST FOOTSCRAY,NSW,,,23325,23325,83
29206,WEST MELBOURNE,NSW,,,23326,23326,83
42869,WEST MELBOURNE,NSW,,,23326,23326,83
31235,WESTMERE,NSW,,,15287,15287,83
44898,WESTMERE,NSW,,,15287,15287,83
29894,WHEELERS HILL,NSW,,,23335,23335,82
43557,WHEELERS HILL,NSW,,,23335,23335,82
30418,WHOOREL,NSW,,,15451,15451,80
44081,WHOOREL,NSW,,,15451,15451,80
31702,WILKUR,NSW,,,15345,15345,82
45365,WILKUR,NSW,,,15345,15345,82
30700,WILLATOOK,NSW,,,15109,15109,80
44363,WILLATOOK,NSW,,,15109,15109,80
31578,WILLAURA NORTH,NSW,,,23358,23358,83
45241,WILLAURA NORTH,NSW,,,23358,23358,83
31704,WILLENABRINA,NSW,,,15336,15336,81
45367,WILLENABRINA,NSW,,,15336,15336,81
31383,WILLOWVALE,NSW,,,15328,15328,80
45046,WILLOWVALE,NSW,,,15328,15328,80
30404,WINCHELSEA SOUTH,NSW,,,23374,23374,80
44067,WINCHELSEA SOUTH,NSW,,,23374,23374,80
31590,WINJALLOK,NSW,,,15369,15369,80
45253,WINJALLOK,NSW,,,15369,15369,80
30836,WINNAP,NSW,,,15370,15370,80
44499,WINNAP,NSW,,,15370,15370,80
30679,WINSLOW,NSW,,,15309,15309,82
44342,WINSLOW,NSW,,,15309,15309,82
31375,WINTER VALLEY,NSW,,,15348,15348,80
45038,WINTER VALLEY,NSW,,,15348,15348,80
30462,WOOL WOOL,NSW,,,15450,15450,81
44125,WOOL WOOL,NSW,,,15450,15450,81
30645,WOOLSTHORPE,NSW,,,23435,23435,80
44308,WOOLSTHORPE,NSW,,,23435,23435,80
29831,WOORI YALLOCK,NSW,,,23442,23442,82
43494,WOORI YALLOCK,NSW,,,23442,23442,82
30634,WOORNDOO,NSW,,,15448,15448,80
44297,WOORNDOO,NSW,,,15448,15448,80
29212,WORLD TRADE CENTRE,NSW,,,23451,23451,82
42875,WORLD TRADE CENTRE,NSW,,,23451,23451,82
30277,WYE RIVER,NSW,,,15556,15556,81
43940,WYE RIVER,NSW,,,15556,15556,81
29304,WYNDHAM VALE,NSW,,,15497,15497,81
42967,WYNDHAM VALE,NSW,,,15497,15497,81
30722,YAMBUK,NSW,,,15516,15516,84
44385,YAMBUK,NSW,,,15516,15516,84
29241,YARRAVILLE WEST,NSW,,,23507,23507,84
42904,YARRAVILLE WEST,NSW,,,23507,23507,84
31717,YARTO,NSW,,,15550,15550,84
45380,YARTO,NSW,,,15550,15550,84
29833,YELLINGBO,NSW,,,15569,15569,82
43496,YELLINGBO,NSW,,,15569,15569,82
31355,YENDON,NSW,,,15568,15568,84
45018,YENDON,NSW,,,15568,15568,84
30466,YEODENE,NSW,,,15498,15498,82
44129,YEODENE,NSW,,,15498,15498,82
