rowid,suburb_name,state,postcode,candidate_ssc,score,matched_canonical_key
29202,MELBOURNE,NSW,,12881,82,LORNE|NSW
29204,EAST MELBOURNE,NSW,,20992,83,EAST MELBOURNE|VIC
29206,WEST MELBOURNE,NSW,,23326,83,WEST MELBOURNE|VIC
29208,ST KILDA ROAD CENTRAL,NSW,,22834,84,ST KILDA ROAD CENTRAL|VIC
29212,WORLD TRADE CENTRE,NSW,,23451,82,WORLD TRADE CENTRE|VIC
29214,SOUTH WHARF,NSW,,14698,80,TAREE SOUTH|NSW
29216,SOUTHBANK,NSW,,14334,79,SOUTHAMPTON|NSW
29218,DOCKLANDS,NSW,,10739,81,BROOKLANDS|NSW
29222,FOOTSCRAY,NSW,,21112,77,FOOTSCRAY|VIC
29224,SEDDON,NSW,,41630,84,SEDDON|SA
29226,SEDDON WEST,NSW,,15275,75,WEST WALLSEND|NSW
29231,KINGSVILLE WEST,NSW,,21638,84,KINGSVILLE WEST|VIC
29237,WEST FOOTSCRAY,NSW,,23325,83,WEST FOOTSCRAY|VIC
29241,YARRAVILLE WEST,NSW,,23507,84,YARRAVILLE WEST|VIC
29244,SOUTH KINGSVILLE,NSW,,14312,82,SOUTH GRANVILLE|NSW
29246,SPOTSWOOD,NSW,,14115,80,ROSEWOOD|NSW
29254,SEAHOLME,NSW,,15579,83,YETHOLME|NSW
29258,BRAYBROOK NORTH,NSW,,20395,84,BRAYBROOK NORTH|VIC
29260,ROBINSON,NSW,,14070,80,ROBERTSON|NSW
29264,GLENGALA,NSW,,10368,83,BENGALLA|NSW
29267,SUNSHINE NORTH,NSW,,14461,80,SUNSHINE|NSW
29269,SUNSHINE WEST,NSW,,14461,83,SUNSHINE|NSW
29278,ARDEER,NSW,,10007,82,ABERDEEN|NSW
29280,DEER PARK EAST,NSW,,20876,78,DEER PARK EAST|VIC
29286,CAIRNLEA,NSW,,10956,82,CAMIRA|NSW
29288,CAROLINE SPRINGS,NSW,,20599,80,CAROLINE SPRINGS|VIC
29292,DEER PARK NORTH,NSW,,11665,80,EDENSOR PARK|NSW
29294,RAVENHALL,NSW,,14005,81,RAVENSDALE|NSW
29296,FIELDSTONE,NSW,,11963,81,GLADSTONE|NSW
29298,MAMBOURIN,NSW,,10129,78,AUBURN|NSW
29300,MANOR LAKES,NSW,,12716,81,LAKE MUNMORAH|NSW
29302,MOUNT COTTRELL,NSW,,22152,83,MOUNT COTTRELL|VIC
29304,WYNDHAM VALE,NSW,,15497,81,WYNDHAM|NSW
29306,ALTONA EAST,NSW,,11630,84,EAST BALLINA|NSW
29308,ALTONA GATE,NSW,,20039,80,ALTONA GATE|VIC
29312,DERRIMUT,NSW,,10396,78,BERRIMA|NSW
29316,LAVERTON RAAF,NSW,,50951,79,LAVERTON|WA
29322,ALTONA MEADOWS,NSW,,20040,83,ALTONA MEADOWS|VIC
29330,TARNEIT,NSW,,14696,80,TAREE|NSW
29332,TRUGANINA,NSW,,14692,78,TARANA|NSW
29336,COCOROC,NSW,,11218,82,CONCORD|NSW
29344,WERRIBEE SOUTH,NSW,,14698,79,TAREE SOUTH|NSW
29349,ASCOT VALE,NSW,,11202,81,COLO VALE|NSW
29351,HIGHPOINT CITY,NSW,,21419,83,HIGHPOINT CITY|VIC
29353,MARIBYRNONG,NSW,,12993,81,MARAYONG|NSW
29355,TRAVANCORE,NSW,,14394,77,STANMORE|NSW
29357,KEILOR EAST,NSW,,11641,84,EAST KILLARA|NSW
29361,KEILOR,NSW,,12520,84,KELSO|NSW
29363,KEILOR NORTH,NSW,,21586,81,KEILOR NORTH|VIC
29367,DELAHEY,NSW,,11492,78,DELEGATE|NSW
29373,TAYLORS HILL,NSW,,14715,81,TAYLORS FLAT|NSW
29375,KEILOR DOWNS,NSW,,21583,81,KEILOR DOWNS|VIC
29377,KEILOR LODGE,NSW,,21585,81,KEILOR LODGE|VIC
29381,WATERGARDENS,NSW,,23278,81,WATERGARDENS|VIC
29383,MOONEE PONDS,NSW,,13256,77,MOONEE|NSW
29387,ESSENDON,NSW,,11738,80,ESSINGTON|NSW
29389,ESSENDON WEST,NSW,,11076,82,CESSNOCK WEST|NSW
29391,CROSS KEYS,NSW,,12589,83,KINGS CROSS|NSW
29393,ESSENDON FIELDS,NSW,,21055,84,ESSENDON FIELDS|VIC
29395,ESSENDON NORTH,NSW,,21056,83,ESSENDON NORTH|VIC
29399,STRATHMORE HEIGHTS,NSW,,22878,82,STRATHMORE HEIGHTS|VIC
29401,AIRPORT WEST,NSW,,20017,81,AIRPORT WEST|VIC
29403,KEILOR PARK,NSW,,11061,83,CECIL PARK|NSW
29405,NIDDRIE,NSW,,11613,74,DURI|NSW
29407,NIDDRIE NORTH,NSW,,22332,82,NIDDRIE NORTH|VIC
29411,GOWANBRAE,NSW,,12071,82,GOWAN|NSW
29415,PASCOE VALE,NSW,,13751,76,OXLEY VALE|NSW
29417,PASCOE VALE SOUTH,NSW,,22446,81,PASCOE VALE SOUTH|VIC
29429,JACANA,NSW,,10971,80,CANGAI|NSW
29433,MEADOW HEIGHTS,NSW,,12973,83,MANERA HEIGHTS|NSW
29441,HOTHAM HILL,NSW,,13600,83,NORTH HILL|NSW
29445,MELBOURNE UNIVERSITY,NSW,,21970,83,MELBOURNE UNIVERSITY|VIC
29453,PRINCES HILL,NSW,,14058,84,RILEYS HILL|NSW
29455,BRUNSWICK SOUTH,NSW,,20443,79,BRUNSWICK SOUTH|VIC
29457,BRUNSWICK WEST,NSW,,20444,83,BRUNSWICK WEST|VIC
29461,MORELAND WEST,NSW,,13117,83,MERRYLANDS WEST|NSW
29465,BRUNSWICK LOWER,NSW,,20441,84,BRUNSWICK LOWER|VIC
29467,BRUNSWICK NORTH,NSW,,20442,84,BRUNSWICK NORTH|VIC
29471,LYGON STREET NORTH,NSW,,21856,82,LYGON STREET NORTH|VIC
29473,SUMNER,NSW,,14197,80,SANGER|NSW
29479,COBURG NORTH,NSW,,12069,82,GOULBURN NORTH|NSW
29481,MERLYNSTON,NSW,,11702,80,EMERTON|NSW
29487,FAWKNER,NSW,,11789,78,FALCONER|NSW
29489,FAWKNER EAST,NSW,,21079,81,FAWKNER EAST|VIC
29491,FAWKNER NORTH,NSW,,21080,82,FAWKNER NORTH|VIC
29493,CAMPBELLFIELD,NSW,,10322,83,BELFIELD|NSW
29496,OAKLANDS JUNCTION,NSW,,22400,81,OAKLANDS JUNCTION|VIC
29498,YUROKE,NSW,,14077,76,ROCKLEY|NSW
29504,KALKALLO,NSW,,10938,75,CALWALLA|NSW
29506,MICKLEHAM,NSW,,22007,77,MICKLEHAM|VIC
29508,ROXBURGH PARK,NSW,,13798,76,PARKESBOROUGH|NSW
29517,CLIFTON HILL,NSW,,11140,81,CLIFTON|NSW
29519,FITZROY NORTH,NSW,,21098,82,FITZROY NORTH|VIC
29521,NORTHCOTE,NSW,,13526,81,NETHERCOTE|NSW
29523,NORTHCOTE SOUTH,NSW,,22369,79,NORTHCOTE SOUTH|VIC
29525,THORNBURY,NSW,,14121,80,ROTHBURY|NSW
29533,PRESTON LOWER,NSW,,12907,80,LOWER PORTLAND|NSW
29535,PRESTON SOUTH,NSW,,13932,83,PRESTONS|NSW
29539,REGENT WEST,NSW,,14699,83,TAREE WEST|NSW
29541,SYLVESTER,NSW,,14268,79,SILVERWATER|NSW
29545,RESERVOIR,NSW,,51487,72,RESERVOIR|WA
29547,RESERVOIR EAST,NSW,,22593,78,RESERVOIR EAST|VIC
29549,RESERVOIR NORTH,NSW,,22594,79,RESERVOIR NORTH|VIC
29551,RESERVOIR SOUTH,NSW,,22595,79,RESERVOIR SOUTH|VIC
29553,THOMASTOWN,NSW,,14803,77,THORNTON|NSW
29555,LALOR,NSW,,11894,84,GALORE|NSW
29557,LALOR PLAZA,NSW,,12725,83,LALOR PARK|NSW
29567,IVANHOE EAST,NSW,,12403,81,IVANHOE|NSW
29569,IVANHOE NORTH,NSW,,21497,82,IVANHOE NORTH|VIC
29575,HEIDELBERG RGH,NSW,,21398,78,HEIDELBERG RGH|VIC
29577,HEIDELBERG WEST,NSW,,21399,84,HEIDELBERG WEST|VIC
29583,KINGSBURY,NSW,,12386,77,INGLEBURN|NSW
29585,LA TROBE UNIVERSITY,NSW,,21700,83,LA TROBE UNIVERSITY|VIC
29587,BANYULE,NSW,,10796,80,BULEE|NSW
29591,HEIDELBERG,NSW,,12270,79,HECKENBERG|NSW
29593,ROSANNA,NSW,,14132,80,ROWAN|NSW
29595,VIEWBANK,NSW,,14022,78,REDBANK|NSW
29599,MACLEOD WEST,NSW,,21869,81,MACLEOD WEST|VIC
29602,WATSONIA,NSW,,15212,82,WATTON|NSW
29604,WATSONIA NORTH,NSW,,23284,83,WATSONIA NORTH|VIC
29615,PLENTY,NSW,,13843,76,PENRITH|NSW
29619,LOWER PLENTY,NSW,,12907,76,LOWER PORTLAND|NSW
29621,MONTMORENCY,NSW,,13238,81,MONTEREY|NSW
29624,ELTHAM NORTH,NSW,,13585,83,NORTH ARM|NSW
29626,RESEARCH,NSW,,14897,78,TREGEAR|NSW
29628,WATTLE GLEN,NSW,,15208,84,WATTLE GROVE|NSW
29630,BEND OF ISLANDS,NSW,,20257,79,BEND OF ISLANDS|VIC
29632,KANGAROO GROUND,NSW,,21559,84,KANGAROO GROUND|VIC
29637,COTTLES BRIDGE,NSW,,20782,83,COTTLES BRIDGE|VIC
29639,HURSTBRIDGE,NSW,,13641,80,NORTHBRIDGE|NSW
29641,NUTFIELD,NSW,,14731,81,TENTERFIELD|NSW
29648,KEW EAST,NSW,,11656,80,EASTLAKES|NSW
29650,BALWYN,NSW,,10186,82,BALCOLYN|NSW
29652,BALWYN EAST,NSW,,10208,84,BALMAIN EAST|NSW
29656,DEEPDENE DC,NSW,,20874,80,DEEPDENE DC|VIC
29658,STRADBROKE PARK,NSW,,22863,79,STRADBROKE PARK|VIC
29660,BALWYN NORTH,NSW,,13606,84,NORTH MANLY|NSW
29662,GREYTHORN,NSW,,12011,81,GLENTHORNE|NSW
29666,BULLEEN SOUTH,NSW,,14303,82,SOUTH BALLINA|NSW
29668,TEMPLESTOWE,NSW,,14723,75,TEMPE|NSW
29670,TEMPLESTOWE LOWER,NSW,,23005,81,TEMPLESTOWE LOWER|VIC
29672,DONCASTER,NSW,,11526,77,DIRNASEER|NSW
29674,DONCASTER EAST,NSW,,20927,83,DONCASTER EAST|VIC
29680,TUNSTALL SQUARE PO,NSW,,23122,82,TUNSTALL SQUARE PO|VIC
29682,DONVALE,NSW,,13233,82,MONIVAE|NSW
29686,WARRANDYTE,NSW,,15160,79,WARRADERRY|NSW
29688,PARK ORCHARDS,NSW,,13725,80,ORAN PARK|NSW
29692,CHIRNSIDE PARK,NSW,,10946,78,CAMBRIDGE PARK|NSW
29701,RICHMOND EAST,NSW,,14053,83,RICHMOND|NSW
29705,RICHMOND SOUTH,NSW,,14053,80,RICHMOND|NSW
29710,GLENFERRIE SOUTH,NSW,,11711,81,ENFIELD SOUTH|NSW
29714,HAWTHORN NORTH,NSW,,12215,83,HAMILTON NORTH|NSW
29716,HAWTHORN WEST,NSW,,21376,82,HAWTHORN WEST|VIC
29719,HAWTHORN EAST,NSW,,12214,82,HAMILTON EAST|NSW
29724,CAMBERWELL SOUTH,NSW,,10940,82,CAMBERWELL|NSW
29732,BENNETTSWOOD,NSW,,20267,81,BENNETTSWOOD|VIC
29735,SURREY HILLS SOUTH,NSW,,22907,82,SURREY HILLS SOUTH|VIC
29740,MONT ALBERT,NSW,,10028,80,ALBERT|NSW
29744,SURREY HILLS NORTH,NSW,,22906,82,SURREY HILLS NORTH|VIC
29754,WATTLE PARK,NSW,,15327,83,WILEY PARK|NSW
29758,KERRIMUIR,NSW,,12542,81,KERRIGUNDI|NSW
29764,BLACKBURN NORTH,NSW,,20313,84,BLACKBURN NORTH|VIC
29768,LABURNUM,NSW,,10129,82,AUBURN|NSW
29770,BRENTFORD SQUARE,NSW,,20400,80,BRENTFORD SQUARE|VIC
29774,NUNAWADING,NSW,,15127,74,WANAARING|NSW
29778,MITCHAM NORTH,NSW,,22051,82,MITCHAM NORTH|VIC
29784,VERMONT SOUTH,NSW,,23170,76,VERMONT SOUTH|VIC
29790,RINGWOOD NORTH,NSW,,14059,80,RINGWOOD|NSW
29792,WARRANDYTE SOUTH,NSW,,23259,80,WARRANDYTE SOUTH|VIC
29796,BEDFORD ROAD,NSW,,50104,77,BEDFORD|WA
29800,RINGWOOD EAST,NSW,,14059,83,RINGWOOD|NSW
29803,CROYDON HILLS,NSW,,20815,82,CROYDON HILLS|VIC
29805,CROYDON NORTH,NSW,,20816,82,CROYDON NORTH|VIC
29807,CROYDON SOUTH,NSW,,10951,79,CAMDEN SOUTH|NSW
29809,KILSYTH,NSW,,12551,74,KIAH|NSW
29811,KILSYTH SOUTH,NSW,,14316,77,SOUTH HILL|NSW
29813,MOOROOLBARK,NSW,,22111,80,MOOROOLBARK|VIC
29815,BEENAK,NSW,,10826,82,BUNDEENA|NSW
29821,LAUNCHING PLACE,NSW,,21765,79,LAUNCHING PLACE|VIC
29825,SEVILLE EAST,NSW,,14113,80,ROSEVILLE CHASE|NSW
29827,WANDIN EAST,NSW,,23222,80,WANDIN EAST|VIC
29829,WANDIN NORTH,NSW,,23223,81,WANDIN NORTH|VIC
29831,WOORI YALLOCK,NSW,,23442,82,WOORI YALLOCK|VIC
29833,YELLINGBO,NSW,,15569,82,YENGO|NSW
29836,CHAPEL STREET NORTH,NSW,,20635,83,CHAPEL STREET NORTH|VIC
29838,DOMAIN ROAD PO,NSW,,20923,78,DOMAIN ROAD PO|VIC
29840,SOUTH YARRA,NSW,,14329,80,SOUTH TURRAMURRA|NSW
29842,HAWKSBURN,NSW,,10129,78,AUBURN|NSW
29844,TOORAK,NSW,,14801,84,THORA|NSW
29856,CAULFIELD EAST,NSW,,20623,83,CAULFIELD EAST|VIC
29862,DARLING SOUTH,NSW,,11002,83,CARINGBAH SOUTH|NSW
29864,MALVERN EAST,NSW,,21893,81,MALVERN EAST|VIC
29866,WATTLETREE ROAD PO,NSW,,23292,82,WATTLETREE ROAD PO|VIC
29872,ASHBURTON,NSW,,10113,83,ASHBURY|NSW
29880,HOLMESGLEN,NSW,,12317,83,HOLMESVILLE|NSW
29884,MOUNT WAVERLEY,NSW,,22189,83,MOUNT WAVERLEY|VIC
29890,BRANDON PARK,NSW,,10682,83,BRAY PARK|NSW
29892,GLEN WAVERLEY,NSW,,15216,83,WAVERLEY|NSW
29894,WHEELERS HILL,NSW,,23335,82,WHEELERS HILL|VIC
29896,BURWOOD EAST,NSW,,10886,81,BURWOOD|NSW
29901,STUDFIELD,NSW,,14226,81,SEDGEFIELD|NSW
29903,WANTIRNA,NSW,,15079,78,WAITARA|NSW
29905,WANTIRNA SOUTH,NSW,,23239,78,WANTIRNA SOUTH|VIC
29909,BAYSWATER NORTH,NSW,,20211,84,BAYSWATER NORTH|VIC
29916,LYSTERFIELD,NSW,,11134,83,CLEARFIELD|NSW
29918,LYSTERFIELD SOUTH,NSW,,11711,84,ENFIELD SOUTH|NSW
29920,MOUNTAIN GATE,NSW,,22191,82,MOUNTAIN GATE|VIC
29922,UPPER FERNTREE GULLY,NSW,,23156,83,UPPER FERNTREE GULLY|VIC
29924,UPWEY,NSW,,15237,78,WELBY|NSW
29934,BELGRAVE SOUTH,NSW,,10413,82,BEXLEY SOUTH|NSW
29944,CAULFIELD SOUTH,NSW,,11711,83,ENFIELD SOUTH|NSW
29948,BOORAN ROAD PO,NSW,,20359,78,BOORAN ROAD PO|VIC
29950,CARNEGIE,NSW,,10971,82,CANGAI|NSW
29952,GLEN HUNTLY,NSW,,21200,80,GLEN HUNTLY|VIC
29954,MURRUMBEENA,NSW,,13441,81,MURRUMBATEMAN|NSW
29956,DANDENONG SOUTH,NSW,,10951,80,CAMDEN SOUTH|NSW
29958,BENTLEIGH EAST,NSW,,20270,83,BENTLEIGH EAST|VIC
29960,COATESVILLE,NSW,,11130,83,CLAREVILLE|NSW
29962,HUGHESDALE,NSW,,21457,79,HUGHESDALE|VIC
29968,OAKLEIGH EAST,NSW,,22402,76,OAKLEIGH EAST|VIC
29970,OAKLEIGH SOUTH,NSW,,22403,78,OAKLEIGH SOUTH|VIC
29974,NOTTING HILL,NSW,,22373,81,NOTTING HILL|VIC
29978,CLAYTON SOUTH,NSW,,14311,82,SOUTH GRAFTON|NSW
29984,SANDOWN VILLAGE,NSW,,22690,79,SANDOWN VILLAGE|VIC
29988,DINGLEY VILLAGE,NSW,,20911,84,DINGLEY VILLAGE|VIC
29990,SPRINGVALE SOUTH,NSW,,14364,82,SPRINGVALE|NSW
29992,KEYSBOROUGH,NSW,,21610,80,KEYSBOROUGH|VIC
29996,NOBLE PARK EAST,NSW,,22345,79,NOBLE PARK EAST|VIC
29998,NOBLE PARK NORTH,NSW,,22346,80,NOBLE PARK NORTH|VIC
30000,BANGHOLME,NSW,,10221,82,BANGO|NSW
30004,DANDENONG EAST,NSW,,20844,83,DANDENONG EAST|VIC
30006,DANDENONG NORTH,NSW,,20845,84,DANDENONG NORTH|VIC
30008,DUNEARN,NSW,,10828,78,BUNDEMAR|NSW
30010,SCORESBY BC,NSW,,14297,74,SOMERSBY|NSW
30012,DOVETON,NSW,,11289,82,COPETON|NSW
30014,EUMEMMERRING,NSW,,21058,81,EUMEMMERRING|VIC
30018,SCORESBY,NSW,,14297,83,SOMERSBY|NSW
30020,KNOXFIELD,NSW,,11710,83,ENFIELD|NSW
30022,PRAHRAN,NSW,,13792,84,PARA|NSW
30024,PRAHRAN EAST,NSW,,11648,77,EAST SEAHAM|NSW
30030,ST KILDA SOUTH,NSW,,14384,78,ST MARYS SOUTH|NSW
30032,ST KILDA WEST,NSW,,22837,76,ST KILDA WEST|VIC
30035,ST KILDA EAST,NSW,,11641,79,EAST KILLARA|NSW
30037,BRIGHTON ROAD,NSW,,10702,79,BRIGHTON LE SANDS|NSW
30041,ELSTERNWICK,NSW,,21031,80,ELSTERNWICK|VIC
30043,GARDENVALE,NSW,,12110,81,GREENDALE|NSW
30045,RIPPONLEA,NSW,,14836,73,TIONA|NSW
30051,DENDY,NSW,,11451,84,DANDRY|NSW
30053,WERE STREET PO,NSW,,23316,78,WERE STREET PO|VIC
30065,MOORABBIN,NSW,,13240,82,MOOBI|NSW
30067,MOORABBIN EAST,NSW,,22102,83,MOORABBIN EAST|VIC
30071,HIGHETT,NSW,,10509,73,BLIGHTY|NSW
30079,SOUTHLAND CENTRE,NSW,,22795,80,SOUTHLAND CENTRE|VIC
30083,BLACK ROCK,NSW,,14072,81,ROCK FLAT|NSW
30085,BLACK ROCK NORTH,NSW,,13613,80,NORTH ROCKS|NSW
30090,MENTONE EAST,NSW,,21978,81,MENTONE EAST|VIC
30094,ASPENDALE,NSW,,10151,80,AVONDALE|NSW
30098,BRAESIDE,NSW,,10679,82,BRASSI|NSW
30100,MORDIALLOC,NSW,,22117,79,MORDIALLOC|VIC
30106,WATERWAYS,NSW,,15194,77,WATERFALL|NSW
30108,BONBEACH,NSW,,10719,83,BROBENAH|NSW
30110,CHELSEA,NSW,,11102,80,CHELTENHAM|NSW
30112,CHELSEA HEIGHTS,NSW,,20644,84,CHELSEA HEIGHTS|VIC
30114,EDITHVALE,NSW,,11670,82,EDITH|NSW
30116,CARRUM,NSW,,11016,82,CARRAMAR|NSW
30118,PATTERSON LAKES,NSW,,22453,79,PATTERSON LAKES|VIC
30126,FRANKSTON EAST,NSW,,21126,83,FRANKSTON EAST|VIC
30130,FRANKSTON SOUTH,NSW,,14311,83,SOUTH GRAFTON|NSW
30134,KARINGAL CENTRE,NSW,,21570,84,KARINGAL CENTRE|VIC
30138,PINES FOREST,NSW,,11853,81,FOREST REEFS|NSW
30140,CARRUM DOWNS,NSW,,20608,81,CARRUM DOWNS|VIC
30142,HEATHERTON,NSW,,11702,80,EMERTON|NSW
30146,MCKINNON,NSW,,13185,76,MINTO|NSW
30148,ORMOND,NSW,,14053,82,RICHMOND|NSW
30152,SOUTH MELBOURNE,NSW,,10130,80,AUBURN SOUTH|NSW
30154,SOUTH MELBOURNE DC,NSW,,22788,82,SOUTH MELBOURNE DC|VIC
30156,ALBERT PARK,NSW,,10402,83,BERRY PARK|NSW
30158,MIDDLE PARK,NSW,,13140,81,MIDDLE POCKET|NSW
30160,GARDEN CITY,NSW,,21147,80,GARDEN CITY|VIC
30162,PORT MELBOURNE,NSW,,22522,78,PORT MELBOURNE|VIC
30169,POINT WILSON,NSW,,13903,79,POINT WOLSTONCROFT|NSW
30171,ANAKIE,NSW,,10971,80,CANGAI|NSW
30173,BATESFORD,NSW,,10120,83,ASHFORD|NSW
30175,LOVELY BANKS,NSW,,21844,81,LOVELY BANKS|VIC
30177,MOORABOOL,NSW,,11238,83,COOBOOL|NSW
30179,CORIO,NSW,,11294,84,CORAKI|NSW
30181,NORLANE,NSW,,12423,82,JENOLAN|NSW
30186,BELL POST HILL,NSW,,20233,78,BELL POST HILL|VIC
30188,DRUMCONDRA,NSW,,20953,79,DRUMCONDRA|VIC
30190,GEELONG NORTH,NSW,,10342,82,BELMONT NORTH|NSW
30192,HAMLYN HEIGHTS,NSW,,10973,83,CANLEY HEIGHTS|NSW
30194,NORTH GEELONG,NSW,,10342,82,BELMONT NORTH|NSW
30196,RIPPLESIDE,NSW,,14063,81,RIVERSIDE|NSW
30203,GROVEDALE EAST,NSW,,21328,83,GROVEDALE EAST|VIC
30211,WANDANA HEIGHTS,NSW,,23219,84,WANDANA HEIGHTS|VIC
30213,WAURN PONDS,NSW,,14205,79,SAUMAREZ PONDS|NSW
30215,ARMSTRONG CREEK,NSW,,30106,84,ARMSTRONG CREEK|QLD
30219,DEAKIN UNIVERSITY,NSW,,20864,81,DEAKIN UNIVERSITY|VIC
30221,FYANSFORD,NSW,,10120,83,ASHFORD|NSW
30223,GEELONG WEST,NSW,,11745,82,EUABALONG WEST|NSW
30229,MURGHEBOLUC,NSW,,22214,80,MURGHEBOLUC|VIC
30235,EAST GEELONG,NSW,,20990,81,EAST GEELONG|VIC
30237,NEWCOMB,NSW,,11679,82,ELCOMBE|NSW
30239,ST ALBANS PARK,NSW,,14366,84,ST ALBANS|NSW
30241,THOMSON,NSW,,14849,82,TOMBONG|NSW
30250,SOUTH GEELONG,NSW,,10343,82,BELMONT SOUTH|NSW
30256,CERES,NSW,,11124,78,CLARE|NSW
30258,GEELONG MC,NSW,,21157,79,GEELONG MC|VIC
30260,GNARWARRE,NSW,,13484,78,NARARA|NSW
30262,GREY RIVER,NSW,,11843,80,FORBES RIVER|NSW
30264,KENNETT RIVER,NSW,,21594,76,KENNETT RIVER|VIC
30268,SEPARATION CREEK,NSW,,14345,83,SPRING CREEK|NSW
30270,STAUGHTON VALE,NSW,,22846,78,STAUGHTON VALE|VIC
30277,WYE RIVER,NSW,,15556,81,YASS RIVER|NSW
30279,CLIFTON SPRINGS,NSW,,20686,79,CLIFTON SPRINGS|VIC
30284,MANNERIM,NSW,,12966,76,MANAR|NSW
30288,INDENTED HEAD,NSW,,21474,82,INDENTED HEAD|VIC
30290,PORTARLINGTON,NSW,,14880,84,TORRINGTON|NSW
30293,LEOPOLD,NSW,,12013,78,GLENWOOD|NSW
30295,POINT LONSDALE,NSW,,11442,82,DALEYS POINT|NSW
30301,OCEAN GROVE,NSW,,13730,84,ORANGE GROVE|NSW
30303,BARWON HEADS,NSW,,10729,84,BROKEN HEAD|NSW
30305,BREAMLEA,NSW,,10374,82,BERALA|NSW
30307,CONNEWARRE,NSW,,20743,79,CONNEWARRE|VIC
30311,BELLS BEACH,NSW,,10518,84,BLUEYS BEACH|NSW
30313,JAN JUC,NSW,,21507,73,JAN JUC|VIC
30315,TORQUAY,NSW,,14801,80,THORA|NSW
30317,ANGLESEA,NSW,,10218,83,BANGALEE|NSW
30319,AIREYS INLET,NSW,,20015,81,AIREYS INLET|VIC
30322,EASTERN VIEW,NSW,,20998,81,EASTERN VIEW|VIC
30324,FAIRHAVEN,NSW,,11092,81,CHARMHAVEN|NSW
30331,CAPE OTWAY,NSW,,20567,71,CAPE OTWAY|VIC
30334,PETTICOAT CREEK,NSW,,13906,79,POLA CREEK|NSW
30338,SKENES CREEK NORTH,NSW,,22760,82,SKENES CREEK NORTH|VIC
30340,BENWERRIN,NSW,,10695,81,BREWARRINA|NSW
30344,DEANS MARSH,NSW,,20867,80,DEANS MARSH|VIC
30346,PENNYROYAL,NSW,,13846,72,PENROSE|NSW
30352,AIRE VALLEY,NSW,,12106,84,GREEN VALLEY|NSW
30354,BEECH FOREST,NSW,,10166,84,BACK FOREST|NSW
30362,WEEAPROINAH,NSW,,23302,80,WEEAPROINAH|VIC
30370,HORDERN VALE,NSW,,11491,83,DEER VALE|NSW
30372,JOHANNA,NSW,,12415,82,JANNALI|NSW
30374,LAVERS HILL,NSW,,12879,83,LORDS HILL|NSW
30376,CARLISLE RIVER,NSW,,12840,82,LITTLE RIVER|NSW
30378,CHAPPLE VALE,NSW,,10974,84,CANLEY VALE|NSW
30380,GELLIBRAND,NSW,,11688,83,ELLAND|NSW
30382,KENNEDYS CREEK,NSW,,12000,83,GLENNIES CREEK|NSW
30386,GHERANG,NSW,,10381,82,BERLANG|NSW
30388,MODEWARRE,NSW,,22064,77,MODEWARRE|VIC
30390,MORIAC,NSW,,13214,84,MOIRA|NSW
30392,MOUNT MORIAC,NSW,,22176,81,MOUNT MORIAC|VIC
30394,PARAPARAP,NSW,,15526,78,YARARA|NSW
30398,OMBERSLEY,NSW,,13700,82,OBLEY|NSW
30400,WENSLEYDALE,NSW,,15283,81,WESTDALE|NSW
30402,WINCHELSEA,NSW,,23373,79,WINCHELSEA|VIC
30404,WINCHELSEA SOUTH,NSW,,23374,80,WINCHELSEA SOUTH|VIC
30406,WURDIBOLUC,NSW,,23461,79,WURDIBOLUC|VIC
30408,BIRREGURRA,NSW,,10466,80,BIRREGO|NSW
30410,BARWON DOWNS,NSW,,20195,81,BARWON DOWNS|VIC
30412,GERANGAMETE,NSW,,11899,80,GANGAT|NSW
30414,MURROON,NSW,,13193,82,MIRROOL|NSW
30416,WARNCOORT,NSW,,15185,78,WARROO|NSW
30418,WHOOREL,NSW,,15451,80,WOOLI|NSW
30434,DREEITE,NSW,,11492,78,DELEGATE|NSW
30436,DREEITE SOUTH,NSW,,11303,81,COREE SOUTH|NSW
30440,IRREWILLIPE,NSW,,21492,80,IRREWILLIPE|VIC
30446,LARPENT,NSW,,12746,82,LARBERT|NSW
30448,NALANGIL,NSW,,12475,82,KALANG|NSW
30450,ONDIT,NSW,,13911,78,PONTO|NSW
30452,PIRRON YALLOCK,NSW,,22493,78,PIRRON YALLOCK|VIC
30454,POMBORNEIT EAST,NSW,,22506,79,POMBORNEIT EAST|VIC
30456,SWAN MARSH,NSW,,14176,77,SALT ASH|NSW
30458,TANYBRYN,NSW,,14682,75,TANNABAR|NSW
30462,WOOL WOOL,NSW,,15450,81,WOOLGOOLGA|NSW
30466,YEODENE,NSW,,15498,82,WYNEDEN|NSW
30470,COLAC EAST,NSW,,11633,83,EAST CORAKI|NSW
30472,COLAC WEST,NSW,,15264,83,WEST CORAKI|NSW
30474,ELLIMINYT,NSW,,21026,77,ELLIMINYT|VIC
30476,BEEAC,NSW,,10691,84,BREEZA|NSW
30478,CUNDARE,NSW,,10833,82,BUNDURE|NSW
30480,CUNDARE NORTH,NSW,,13605,83,NORTH MACQUARIE|NSW
30482,EURACK,NSW,,12786,84,LEURA|NSW
30484,WEERING,NSW,,15229,82,WEELONG|NSW
30486,COROROOKE,NSW,,10615,83,BOOROOK|NSW
30488,BOOKAAR,NSW,,10738,83,BROOKLANA|NSW
30490,BOSTOCKS CREEK,NSW,,20372,83,BOSTOCKS CREEK|VIC
30495,CARPENDEIT,NSW,,20600,79,CARPENDEIT|VIC
30497,CHOCOLYN,NSW,,11204,78,COLYTON|NSW
30499,GNOTUK,NSW,,12023,74,GOCUP|NSW
30505,LESLIE MANOR,NSW,,21789,81,LESLIE MANOR|VIC
30507,POMBORNEIT,NSW,,13737,80,OSBORNE|NSW
30509,POMBORNEIT NORTH,NSW,,22507,80,POMBORNEIT NORTH|VIC
30511,SKIBO,NSW,,14972,75,UKI|NSW
30513,SOUTH PURRUMBETE,NSW,,22790,80,SOUTH PURRUMBETE|VIC
30515,STONYFORD,NSW,,13741,78,OTFORD|NSW
30517,TANDAROOK,NSW,,15131,83,WANDOOK|NSW
30519,TESBURY,NSW,,14121,78,ROTHBURY|NSW
30521,WEERITE,NSW,,15248,80,WERAI|NSW
30529,DIXIE,NSW,,10453,74,BINGIE|NSW
30531,ECKLIN SOUTH,NSW,,10343,79,BELMONT SOUTH|NSW
30535,FRAMLINGHAM,NSW,,21122,80,FRAMLINGHAM|VIC
30539,GARVOC,NSW,,10148,84,AVOCA|NSW
30541,GLENORMISTON,NSW,,21236,81,GLENORMISTON|VIC
30545,GLENORMISTON SOUTH,NSW,,21238,82,GLENORMISTON SOUTH|VIC
30551,NOORAT,NSW,,13575,84,NOONA|NSW
30555,PANMURE,NSW,,13790,82,PANUARA|NSW
30557,TAROON,NSW,,14702,84,TARLO|NSW
30559,THE SISTERS,NSW,,14788,76,THE SHADES|NSW
30561,BULLAHARRE,NSW,,10807,81,BULLATALE|NSW
30563,COBDEN,NSW,,10783,80,BUDDEN|NSW
30565,COBRICO,NSW,,10391,82,BERRICO|NSW
30567,ELINGAMITE,NSW,,13085,80,MELINGA|NSW
30571,GLENFYNE,NSW,,11993,80,GLENFIELD|NSW
30573,JANCOURT,NSW,,10071,75,ANGOURIE|NSW
30575,JANCOURT EAST,NSW,,21509,82,JANCOURT EAST|VIC
30577,NAROGHID,NSW,,22273,75,NAROGHID|VIC
30582,AYRFORD,NSW,,10120,82,ASHFORD|NSW
30584,BRUCKNELL,NSW,,10827,80,BUNDELLA|NSW
30586,COORIEMUNGLE,NSW,,20756,81,COORIEMUNGLE|VIC
30590,CURDIE VALE,NSW,,10517,79,BLUE VALE|NSW
30592,CURDIES RIVER,NSW,,11068,81,CELLS RIVER|NSW
30594,CURDIEVALE,NSW,,20830,79,CURDIEVALE|VIC
30602,NIRRANDA EAST,NSW,,22342,82,NIRRANDA EAST|VIC
30604,NIRRANDA SOUTH,NSW,,14324,79,SOUTH NOWRA|NSW
30606,NULLAWARRE,NSW,,15329,76,WILLAWARRIN|NSW
30608,NULLAWARRE EAST,NSW,,22381,79,NULLAWARRE EAST|VIC
30610,NULLAWARRE NORTH,NSW,,22382,80,NULLAWARRE NORTH|VIC
30612,PAARATTE,NSW,,13792,80,PARA|NSW
30616,TIMBOON,NSW,,14849,82,TOMBONG|NSW
30618,TIMBOON WEST,NSW,,23044,75,TIMBOON WEST|VIC
30620,PORT CAMPBELL,NSW,,22519,76,PORT CAMPBELL|VIC
30622,PRINCETOWN,NSW,,13865,83,PICTON|NSW
30626,PETERBOROUGH,NSW,,13798,79,PARKESBOROUGH|NSW
30629,DUNDONNELL,NSW,,11604,80,DUNOLLY|NSW
30631,PURA PURA,NSW,,13792,76,PARA|NSW
30634,WOORNDOO,NSW,,15448,80,WOOLBROOK|NSW
30637,CARAMUT,NSW,,11009,82,CARNHAM|NSW
30645,WOOLSTHORPE,NSW,,23435,80,WOOLSTHORPE|VIC
30647,ALLANSFORD,NSW,,10497,81,BLANDFORD|NSW
30649,MEPUNGA,NSW,,13085,82,MELINGA|NSW
30651,MEPUNGA EAST,NSW,,21981,81,MEPUNGA EAST|VIC
30653,MEPUNGA WEST,NSW,,21982,81,MEPUNGA WEST|VIC
30655,NARINGAL,NSW,,10244,83,BARBIGAL|NSW
30657,NARINGAL EAST,NSW,,22272,82,NARINGAL EAST|VIC
30659,PURNIM,NSW,,13744,80,OURNIE|NSW
30661,PURNIM WEST,NSW,,15271,73,WEST PYMBLE|NSW
30663,BALLANGEICH,NSW,,20126,80,BALLANGEICH|VIC
30665,WANGOOM,NSW,,15131,82,WANDOOK|NSW
30679,WINSLOW,NSW,,15309,82,WHITLOW|NSW
30684,KOROIT,NSW,,12626,84,KLORI|NSW
30686,CROSSLEY,NSW,,11371,81,CROSSMAGLEN|NSW
30690,KIRKSTALL,NSW,,12552,78,KIALLA|NSW
30692,SOUTHERN CROSS,NSW,,33214,83,SOUTHERN CROSS|QLD
30700,WILLATOOK,NSW,,15109,80,WALLAROO|NSW
30704,YARPTURK,NSW,,14203,76,SATUR|NSW
30708,PORT FAIRY,NSW,,13913,76,PORT BOTANY|NSW
30711,NARRAWONG,NSW,,13501,83,NARRAWA|NSW
30718,TYRENDARRA,NSW,,14898,80,TRENAYR|NSW
30720,TYRENDARRA EAST,NSW,,23139,79,TYRENDARRA EAST|VIC
30722,YAMBUK,NSW,,15516,84,YAMBA|NSW
30724,CONDAH SWAMP,NSW,,20740,75,CONDAH SWAMP|VIC
30726,KNEBSWORTH,NSW,,13556,80,NEWPORT|NSW
30728,MACARTHUR,NSW,,70236,83,MCARTHUR|NT
30730,RIPPONHURST,NSW,,13847,79,PENSHURST|NSW
30734,HAWKESDALE,NSW,,12910,81,LOWESDALE|NSW
30736,MINHAMITE,NSW,,13181,82,MINMI|NSW
30738,GAZETTE,NSW,,11742,73,ETTREMA|NSW
30740,GERRIGERRUP,NSW,,21175,80,GERRIGERRUP|VIC
30745,TABOR,NSW,,14688,82,TARA|NSW
30748,GLENTHOMPSON,NSW,,21243,81,GLENTHOMPSON|VIC
30752,NARRAPUMELAP SOUTH,NSW,,22276,82,NARRAPUMELAP SOUTH|VIC
30758,MIRRANATWA,NSW,,13190,80,MIRANDA|NSW
30760,MOUTAJUP,NSW,,22193,75,MOUTAJUP|VIC
30762,VICTORIA POINT,NSW,,33629,78,VICTORIA POINT|QLD
30768,BYADUK NORTH,NSW,,13592,81,NORTH BOURKE|NSW
30771,BOCHARA,NSW,,10240,84,BARA|NSW
30774,BUCKLEY SWAMP,NSW,,10479,81,BLACK SWAMP|NSW
30776,BYADUK,NSW,,10898,76,BYANGUM|NSW
30782,MORGIANA,NSW,,10613,80,BOORGANNA|NSW
30784,MOUNT NAPIER,NSW,,22177,81,MOUNT NAPIER|VIC
30786,STRATHKELLAR,NSW,,14422,84,STRATHCEDAR|NSW
30792,WANNON,NSW,,14186,80,SANDON|NSW
30794,WARRAYURE,NSW,,15169,80,WARRAWEE|NSW
30796,YATCHAW,NSW,,15557,78,YATHELLA|NSW
30798,YULECART,NSW,,23533,75,YULECART|VIC
30800,BRANXHOLME,NSW,,60073,81,BRANXHOLM|TAS
30802,GRASSDALE,NSW,,11481,80,DAYSDALE|NSW
30804,BREAKAWAY CREEK,NSW,,10686,84,BREAKFAST CREEK|NSW
30808,HOTSPUR,NSW,,11095,75,CHATSBURY|NSW
30810,LAKE CONDAH,NSW,,12707,84,LAKE CONJOLA|NSW
30812,WALLACEDALE,NSW,,15096,81,WALLACIA|NSW
30814,BESSIEBELLE,NSW,,20282,80,BESSIEBELLE|VIC
30818,DRIK DRIK,NSW,,20944,77,DRIK DRIK|VIC
30820,DRUMBORG,NSW,,11603,78,DUNMORE|NSW
30824,HEYWOOD,NSW,,12225,82,HANWOOD|NSW
30828,LYONS,NSW,,12880,82,LORN|NSW
30832,MUMBANNAR,NSW,,12966,82,MANAR|NSW
30834,MYAMYN,NSW,,12990,76,MANYANA|NSW
30836,WINNAP,NSW,,15370,80,WINGEN|NSW
30838,ALLESTREE,NSW,,12961,78,MALLEE|NSW
30843,CASHMORE,NSW,,11131,83,CLAYMORE|NSW
30845,DUTTON WAY,NSW,,20980,79,DUTTON WAY|VIC
30847,GORAE,NSW,,11894,84,GALORE|NSW
30853,MOUNT RICHMOND,NSW,,13612,83,NORTH RICHMOND|NSW
30857,PORTLAND NORTH,NSW,,12907,83,LOWER PORTLAND|NSW
30859,PORTLAND WEST,NSW,,13920,83,PORTLAND|NSW
30861,DIGBY,NSW,,13149,78,MILBY|NSW
30865,TAHARA WEST,NSW,,14699,83,TAREE WEST|NSW
30870,HEATH FIELD,NSW,,21386,80,HEATH FIELD|VIC
30874,BAHGALLAH,NSW,,10368,80,BENGALLA|NSW
30876,BRIMBOAL,NSW,,10242,83,BARAIMAL|NSW
30878,CARAPOOK,NSW,,11012,82,CAROOL|NSW
30880,CHETWYND,NSW,,12275,76,HENTY|NSW
30882,DERGHOLM,NSW,,11672,76,EDROM|NSW
30884,DORODONG,NSW,,12634,83,KOLODONG|NSW
30886,DUNROBIN,NSW,,11605,82,DUNOON|NSW
30891,LAKE MUNDI,NSW,,21729,79,LAKE MUNDI|VIC
30895,MUNTHAM,NSW,,13037,82,MATCHAM|NSW
30897,NANGEELA,NSW,,13564,83,NIANGALA|NSW
30899,POOLAIJELO,NSW,,13912,74,POONCARIE|NSW
30903,SANDFORD,NSW,,14186,82,SANDON|NSW
30905,STRATHDOWNIE,NSW,,14423,80,STRATHEDEN|NSW
30907,WANDO BRIDGE,NSW,,23224,81,WANDO BRIDGE|VIC
30909,WANDO VALE,NSW,,15147,81,WARDROP VALLEY|NSW
30915,CAVENDISH,NSW,,11346,78,CRAVEN|NSW
30917,GLENISLA,NSW,,11993,80,GLENFIELD|NSW
30923,WOOHLPOOER,NSW,,15459,79,WOOLOOWARE|NSW
30927,CLOVER FLAT,NSW,,11332,81,COW FLAT|NSW
30931,COOJAR,NSW,,11160,84,COBAR|NSW
30935,GRINGEGALGONA,NSW,,21325,82,GRINGEGALGONA|VIC
30937,GRITJURK,NSW,,21326,75,GRITJURK|VIC
30939,HILGAY,NSW,,12251,82,HAY|NSW
30941,KONONGWOOTONG,NSW,,21654,82,KONONGWOOTONG|VIC
30949,PASCHENDALE,NSW,,14005,76,RAVENSDALE|NSW
30951,TAHARA BRIDGE,NSW,,22934,76,TAHARA BRIDGE|VIC
30953,TARRAYOUKYAN,NSW,,22977,75,TARRAYOUKYAN|VIC
30955,TARRENLEA,NSW,,14696,82,TAREE|NSW
30957,WOOTONG VALE,NSW,,23449,75,WOOTONG VALE|VIC
30959,HARROW,NSW,,11473,80,DARLOW|NSW
30963,CONNEWIRRICOO,NSW,,20744,82,CONNEWIRRICOO|VIC
30965,EDENHOPE,NSW,,11663,80,EDEN|NSW
30967,JALLAKIN,NSW,,12959,82,MALLAN|NSW
30969,KADNOOK,NSW,,12481,83,KANAHOOKA|NSW
30971,LANGKOOP,NSW,,12748,78,LARNOOK|NSW
30973,MEEREEK,NSW,,10366,82,BENEREE|NSW
30975,PATYAH,NSW,,13792,78,PARA|NSW
30977,ULLSWATER,NSW,,14177,77,SALTWATER|NSW
30981,BENAYEO,NSW,,10358,82,BENANEE|NSW
30983,BRINGALBERT,NSW,,10028,80,ALBERT|NSW
30985,HESSE,NSW,,11736,75,ESK|NSW
30991,CRESSY,NSW,,60147,80,CRESSY|TAS
30993,BERRYBANK,NSW,,10398,82,BERRY|NSW
30995,DUVERNEY,NSW,,11599,75,DUNGEREE|NSW
30997,FOXHOW,NSW,,11313,70,COROWA|NSW
31004,DERRINALLUM,NSW,,20896,80,DERRINALLUM|VIC
31008,VITE VITE,NSW,,23179,77,VITE VITE|VIC
31010,VITE VITE NORTH,NSW,,23180,84,VITE VITE NORTH|VIC
31012,TEESDALE,NSW,,15283,83,WESTDALE|NSW
31018,SHELFORD,NSW,,14157,77,RUTHERFORD|NSW
31022,BANNOCKBURN,NSW,,30185,80,BANNOCKBURN|QLD
31024,GHERINGHAP,NSW,,21177,79,GHERINGHAP|VIC
31028,RUSSELLS BRIDGE,NSW,,22667,79,RUSSELLS BRIDGE|VIC
31032,STEIGLITZ,NSW,,33280,77,STEIGLITZ|QLD
31034,SUTHERLANDS CREEK,NSW,,14134,82,ROWLANDS CREEK|NSW
31038,BAMGANIE,NSW,,10196,80,BALGOWNIE|NSW
31044,CARGERIE,NSW,,10915,82,CADGEE|NSW
31046,ELAINE,NSW,,11712,82,ENGADINE|NSW
31048,MORRISONS,NSW,,13282,80,MORISSET|NSW
31052,BONNIE BROOK,NSW,,20345,81,BONNIE BROOK|VIC
31054,GRANGEFIELDS,NSW,,10672,83,BRAEFIELD|NSW
31056,ROCKBANK,NSW,,14100,83,ROSEBANK|NSW
31058,THORNHILL PARK,NSW,,15292,83,WETHERILL PARK|NSW
31060,AINTREE,NSW,,11818,82,FIGTREE|NSW
31062,DEANSIDE,NSW,,10152,83,AVONSIDE|NSW
31064,FRASER RISE,NSW,,11867,73,FRAZER PARK|NSW
31066,HARKNESS,NSW,,12250,77,HAWKS NEST|NSW
31068,KURUNJANG,NSW,,12189,83,GURNANG|NSW
31072,MELTON WEST,NSW,,15267,80,WEST HOXTON|NSW
31074,TOOLERN VALE,NSW,,13751,80,OXLEY VALE|NSW
31077,COBBLEBANK,NSW,,20702,79,COBBLEBANK|VIC
31081,EYNESBURY,NSW,,21068,77,EYNESBURY|VIC
31085,STRATHTULLOH,NSW,,22879,75,STRATHTULLOH|VIC
31087,WEIR VIEWS,NSW,,23307,79,WEIR VIEWS|VIC
31089,BACCHUS MARSH,NSW,,20110,82,BACCHUS MARSH|VIC
31095,COIMADAI,NSW,,11205,82,COMARA|NSW
31104,MADDINGLEY,NSW,,12446,79,JIMARINGLE|NSW
31106,MERRIMU,NSW,,13102,83,MERIMBULA|NSW
31115,KOROBEIT,NSW,,12626,76,KLORI|NSW
31117,MYRNIONG,NSW,,11624,78,DYRRING|NSW
31123,BEREMBOKE,NSW,,10351,83,BEMBOKA|NSW
31127,BUNDING,NSW,,10661,82,BOWNING|NSW
31131,DURDIDWARRAH,NSW,,20975,81,DURDIDWARRAH|VIC
31133,FISKVILLE,NSW,,12823,81,LIONSVILLE|NSW
31137,MOUNT WALLACE,NSW,,22188,82,MOUNT WALLACE|VIC
31142,BAKERY HILL,NSW,,10474,83,BLACK HILL|NSW
31150,BALLARAT NORTH,NSW,,20133,83,BALLARAT NORTH|VIC
31160,GOLDEN POINT,NSW,,12105,84,GREEN POINT|NSW
31162,INVERMAY PARK,NSW,,10682,80,BRAY PARK|NSW
31164,LAKE WENDOUREE,NSW,,21736,83,LAKE WENDOUREE|VIC
31166,LUCAS,NSW,,10770,78,BUCCA|NSW
31178,SOLDIERS HILL,NSW,,14261,82,SHOOTERS HILL|NSW
31180,SOVEREIGN HILL,NSW,,14232,79,SEVEN HILLS|NSW
31184,BO PEEP,NSW,,13829,74,PEEL|NSW
31186,CAPE CLEAR,NSW,,20565,79,CAPE CLEAR|VIC
31190,CHEPSTOWE,NSW,,11086,79,CHARLESTOWN|NSW
31192,HADDON,NSW,,10215,80,BANDON|NSW
31199,LAKE BOLAC,NSW,,12707,80,LAKE CONJOLA|NSW
31201,MININERA,NSW,,10447,78,BINDERA|NSW
31203,MORTCHUP,NSW,,13287,78,MORPETH|NSW
31207,NERRIN NERRIN,NSW,,22304,82,NERRIN NERRIN|VIC
31209,NINTINGBOOL,NSW,,22338,80,NINTINGBOOL|VIC
31211,PIGGOREET,NSW,,13867,77,PIGGABEEN|NSW
31215,ROKEWOOD JUNCTION,NSW,,22637,81,ROKEWOOD JUNCTION|VIC
31219,SCARSDALE,NSW,,14107,80,ROSEDALE|NSW
31223,SMYTHESDALE,NSW,,14107,74,ROSEDALE|NSW
31229,STAFFORDSHIRE REEF,NSW,,22840,82,STAFFORDSHIRE REEF|VIC
31233,WALLINDUC,NSW,,15116,80,WALLSEND|NSW
31235,WESTMERE,NSW,,15287,83,WESTMEAD|NSW
31241,BARKSTEAD,NSW,,10099,80,ARKSTONE|NSW
31243,BLOWHARD,NSW,,10323,78,BELFORD|NSW
31248,BREWSTER,NSW,,12703,83,LAKE BREWSTER|NSW
31254,BUNKERS HILL,NSW,,10764,81,BRUNKERVILLE|NSW
31256,BURRUMBEET,NSW,,20511,79,BURRUMBEET|VIC
31258,CAMBRIAN HILL,NSW,,20547,82,CAMBRIAN HILL|VIC
31264,CHAPEL FLAT,NSW,,20634,80,CHAPEL FLAT|VIC
31272,CORINDHAP,NSW,,10999,83,CARINDA|NSW
31276,DEREEL,NSW,,11599,82,DUNGEREE|NSW
31278,DUNNSTOWN,NSW,,11601,80,DUNGOWAN|NSW
31280,DURHAM LEAD,NSW,,20976,80,DURHAM LEAD|VIC
31283,ERCILDOUNE,NSW,,21049,79,ERCILDOUNE|VIC
31285,GARIBALDI,NSW,,21151,77,GARIBALDI|VIC
31295,INVERMAY,NSW,,60306,83,INVERMAY|TAS
31299,LAMPLOUGH,NSW,,21743,77,LAMPLOUGH|VIC
31301,LANGI KAL KAL,NSW,,21752,82,LANGI KAL KAL|VIC
31309,MAGPIE,NSW,,10054,80,ALPINE|NSW
31313,MINERS REST,NSW,,14376,77,ST IVES|NSW
31315,MITCHELL PARK,NSW,,13197,83,MITCHELL|NSW
31317,MOLLONGGHIP,NSW,,13220,80,MOLONG|NSW
31321,MOUNT EGERTON,NSW,,22160,82,MOUNT EGERTON|VIC
31323,MOUNT MERCER,NSW,,13318,83,MOUNT DEE|NSW
31328,NAPOLEONS,NSW,,13482,80,NAPOLEON REEF|NSW
31330,NAVIGATORS,NSW,,22288,79,NAVIGATORS|VIC
31332,POOTILLA,NSW,,13870,78,PILLIGA|NSW
31334,SCOTCHMANS LEAD,NSW,,14215,81,SCOTCHMAN|NSW
31336,SCOTSBURN,NSW,,13737,75,OSBORNE|NSW
31338,SPRINGBANK,NSW,,14361,83,SPRINGRANGE|NSW
31340,SULKY,NSW,,15047,78,UROLY|NSW
31344,WARRENHEIP,NSW,,15175,83,WARREN|NSW
31348,WAUBRA,NSW,,15141,84,WAPRA|NSW
31350,WEATHERBOARD,NSW,,23298,81,WEATHERBOARD|VIC
31352,WERNETH,NSW,,13697,76,OBERNE|NSW
31355,YENDON,NSW,,15568,84,YENDA|NSW
31357,BALLARAT MC,NSW,,20132,80,BALLARAT MC|VIC
31359,LAKE GARDENS,NSW,,21721,81,LAKE GARDENS|VIC
31361,WENDOUREE,NSW,,15242,80,WENDOREE PARK|NSW
31369,BUNINYONG,NSW,,10445,80,BINALONG|NSW
31371,SCOTSMANS LEAD,NSW,,14220,79,SCOTTS HEAD|NSW
31375,WINTER VALLEY,NSW,,15348,80,WILSONS VALLEY|NSW
31379,MANNIBADAR,NSW,,21902,79,MANNIBADAR|VIC
31383,WILLOWVALE,NSW,,15328,80,WILLALA|NSW
31385,BRADVALE,NSW,,10201,83,BALLDALE|NSW
31389,SKIPTON,NSW,,14410,78,STOCKTON|NSW
31391,CRESWICK,NSW,,11116,83,CHISWICK|NSW
31393,CRESWICK NORTH,NSW,,20803,83,CRESWICK NORTH|VIC
31397,LANGDONS HILL,NSW,,21751,82,LANGDONS HILL|VIC
31399,MOUNT BECKWORTH,NSW,,22139,84,MOUNT BECKWORTH|VIC
31401,TOURELLO,NSW,,14953,83,TURRELLA|NSW
31408,BLAMPIED,NSW,,10964,78,CAMPSIE|NSW
31412,CABBAGE TREE,NSW,,10910,82,CABBAGE TREE ISLAND|NSW
31425,KOOROOCHEANG,NSW,,21666,81,KOOROOCHEANG|VIC
31428,MOUNT PROSPECT,NSW,,13939,80,PROSPECT|NSW
31432,NEWLYN NORTH,NSW,,13606,84,NORTH MANLY|NSW
31438,SMOKEY TOWN,NSW,,14298,74,SOMERTON|NSW
31440,SMOKEYTOWN,NSW,,14298,77,SOMERTON|NSW
31442,SPRINGMOUNT,NSW,,13961,77,PYRMONT|NSW
31451,GLENGOWER,NSW,,11983,83,GLENCOE|NSW
31453,MOUNT CAMERON,NSW,,22148,82,MOUNT CAMERON|VIC
31455,AMHERST,NSW,,10287,78,BATHURST|NSW
31457,BURNBANK,NSW,,10847,82,BUNNAN|NSW
31459,CARALULUP,NSW,,20574,77,CARALULUP|VIC
31461,DUNACH,NSW,,11612,82,DURANBAH|NSW
31463,EVANSFORD,NSW,,10120,83,ASHFORD|NSW
31465,LILLICUR,NSW,,12571,75,KILLCARE|NSW
31467,MOUNT GLASGOW,NSW,,22165,82,MOUNT GLASGOW|VIC
31469,RED LION,NSW,,12872,80,LONG REEF|NSW
31472,TALBOT,NSW,,14702,84,TARLO|NSW
31476,CHUTE,NSW,,12359,80,HUNTLEY|NSW
31480,LAKE GOLDSMITH,NSW,,21722,83,LAKE GOLDSMITH|VIC
31484,MAIN LEAD,NSW,,12133,81,GRETA MAIN|NSW
31494,STOCKYARD HILL,NSW,,13734,80,ORCHARD HILLS|NSW
31498,TRAWALLA,NSW,,15036,82,URALLA|NSW
31501,GREAT WESTERN,NSW,,21307,82,GREAT WESTERN|VIC
31505,BAYINDEEN,NSW,,10826,80,BUNDEENA|NSW
31509,MIDDLE CREEK,NSW,,13136,84,MIDDLE COVE|NSW
31511,AMPHITHEATRE,NSW,,20046,81,AMPHITHEATRE|VIC
31515,ARARAT EAST,NSW,,20063,80,ARARAT EAST|VIC
31517,ARMSTRONG,NSW,,10099,80,ARKSTONE|NSW
31527,DENICULL CREEK,NSW,,20886,83,DENICULL CREEK|VIC
31529,DOBIE,NSW,,11618,80,DUSODIE|NSW
31531,DUNNEWORTHY,NSW,,20971,80,DUNNEWORTHY|VIC
31533,EVERSLEY,NSW,,12508,83,KEARSLEY|NSW
31535,JALLUKUR,NSW,,21503,75,JALLUKUR|VIC
31537,LANGI LOGAN,NSW,,12698,80,LAGGAN|NSW
31545,MOUNT LONARCH,NSW,,22170,82,MOUNT LONARCH|VIC
31549,NORVAL,NSW,,13649,84,NOWRA|NSW
31551,RHYMNEY,NSW,,14630,76,SYDNEY|NSW
31554,ROSSBRIDGE,NSW,,14390,79,STANBRIDGE|NSW
31562,YALLA-Y-POORA,NSW,,23479,76,YALLA-Y-POORA|VIC
31568,MAFEKING,NSW,,12997,78,MARENGO|NSW
31570,STAVELY,NSW,,14240,82,SHALVEY|NSW
31574,WICKLIFFE,NSW,,15156,79,WARNECLIFFE|NSW
31578,WILLAURA NORTH,NSW,,23358,83,WILLAURA NORTH|VIC
31580,BELLELLEN,NSW,,11394,80,CULLEN BULLEN|NSW
31582,BRIDGE INN,NSW,,13438,84,MURRIN BRIDGE|NSW
31584,MOKEPILLY,NSW,,22070,77,MOKEPILLY|VIC
31588,STAWELL WEST,NSW,,14699,80,TAREE WEST|NSW
31590,WINJALLOK,NSW,,15369,80,WINGELLO|NSW
31592,BARKLY,NSW,,10025,84,AIRLY|NSW
31597,CALLAWADDA,NSW,,10047,80,ALLAWAH|NSW
31601,CONCONGELLA,NSW,,20737,80,CONCONGELLA|VIC
31603,DEEP LEAD,NSW,,20872,77,DEEP LEAD|VIC
31607,GERMANIA,NSW,,12081,82,GRAMAN|NSW
31615,JOEL JOEL,NSW,,21528,77,JOEL JOEL|VIC
31617,JOEL SOUTH,NSW,,11303,83,COREE SOUTH|NSW
31619,KANYA,NSW,,12471,84,KADINA|NSW
31621,LAKE FYANS,NSW,,12710,79,LAKE HAVEN|NSW
31623,LAKE LONSDALE,NSW,,12740,83,LANSDALE|NSW
31625,LUBECK,NSW,,12916,82,LUE|NSW
31627,MORRL MORRL,NSW,,22127,80,MORRL MORRL|VIC
31634,ROSTRON,NSW,,14122,84,ROTO|NSW
31640,WALLALOO EAST,NSW,,23207,82,WALLALOO EAST|VIC
31644,LANDSBOROUGH,NSW,,11690,81,ELLENBOROUGH|NSW
31648,NAVARRE,NSW,,13470,78,NACURRIE|NSW
31650,TULKARA,NSW,,14688,84,TARA|NSW
31652,WATTLE CREEK,NSW,,15494,84,WYLIE CREEK|NSW
31658,LEDCOURT,NSW,,12783,77,LETCHWORTH|NSW
31660,RIACHELLA,NSW,,15557,80,YATHELLA|NSW
31666,MARNOO WEST,NSW,,21919,80,MARNOO WEST|VIC
31668,BANYENA,NSW,,10232,82,BANNABY|NSW
31670,RUPANYUP,NSW,,13790,70,PANUARA|NSW
31674,MURTOA,NSW,,13423,84,MURGA|NSW
31676,BRIM,NSW,,10396,84,BERRIMA|NSW
31678,BOOLITE,NSW,,10535,82,BOCOBLE|NSW
31680,MINYIP,NSW,,13181,84,MINMI|NSW
31684,AILSA,NSW,,13146,82,MILA|NSW
31686,ANGIP,NSW,,10971,84,CANGAI|NSW
31688,AUBREY,NSW,,10031,80,ALBURY|NSW
31692,CANNUM,NSW,,12987,80,MANNUS|NSW
31696,KELLALAC,NSW,,10331,78,BELLATA|NSW
31698,LAH,NSW,,11249,82,COOLAH|NSW
31700,WARRACKNABEAL,NSW,,23253,82,WARRACKNABEAL|VIC
31702,WILKUR,NSW,,15345,82,WILLURAH|NSW
31704,WILLENABRINA,NSW,,15336,81,WILLINA|NSW
31706,BEULAH,NSW,,10797,84,BULGA|NSW
31710,REEDY DAM,NSW,,14015,72,RED HEAD|NSW
31715,HOPEVALE,NSW,,50746,77,HOPE VALLEY|WA
31717,YARTO,NSW,,15550,84,YARROW|NSW
31719,JUNG,NSW,,12466,84,JUGIONG|NSW
31721,LONGERENONG,NSW,,11695,80,ELONG ELONG|NSW
42865,MELBOURNE,NSW,,12881,82,LORNE|NSW
42867,EAST MELBOURNE,NSW,,20992,83,EAST MELBOURNE|VIC
42869,WEST MELBOURNE,NSW,,23326,83,WEST MELBOURNE|VIC
42871,ST KILDA ROAD CENTRAL,NSW,,22834,84,ST KILDA ROAD CENTRAL|VIC
42875,WORLD TRADE CENTRE,NSW,,23451,82,WORLD TRADE CENTRE|VIC
42877,SOUTH WHARF,NSW,,14698,80,TAREE SOUTH|NSW
42879,SOUTHBANK,NSW,,14334,79,SOUTHAMPTON|NSW
42881,DOCKLANDS,NSW,,10739,81,BROOKLANDS|NSW
42885,FOOTSCRAY,NSW,,21112,77,FOOTSCRAY|VIC
42887,SEDDON,NSW,,41630,84,SEDDON|SA
42889,SEDDON WEST,NSW,,15275,75,WEST WALLSEND|NSW
42894,KINGSVILLE WEST,NSW,,21638,84,KINGSVILLE WEST|VIC
42900,WEST FOOTSCRAY,NSW,,23325,83,WEST FOOTSCRAY|VIC
42904,YARRAVILLE WEST,NSW,,23507,84,YARRAVILLE WEST|VIC
42907,SOUTH KINGSVILLE,NSW,,14312,82,SOUTH GRANVILLE|NSW
42909,SPOTSWOOD,NSW,,14115,80,ROSEWOOD|NSW
42917,SEAHOLME,NSW,,15579,83,YETHOLME|NSW
42921,BRAYBROOK NORTH,NSW,,20395,84,BRAYBROOK NORTH|VIC
42923,ROBINSON,NSW,,14070,80,ROBERTSON|NSW
42927,GLENGALA,NSW,,10368,83,BENGALLA|NSW
42930,SUNSHINE NORTH,NSW,,14461,80,SUNSHINE|NSW
42932,SUNSHINE WEST,NSW,,14461,83,SUNSHINE|NSW
42941,ARDEER,NSW,,10007,82,ABERDEEN|NSW
42943,DEER PARK EAST,NSW,,20876,78,DEER PARK EAST|VIC
42949,CAIRNLEA,NSW,,10956,82,CAMIRA|NSW
42951,CAROLINE SPRINGS,NSW,,20599,80,CAROLINE SPRINGS|VIC
42955,DEER PARK NORTH,NSW,,11665,80,EDENSOR PARK|NSW
42957,RAVENHALL,NSW,,14005,81,RAVENSDALE|NSW
42959,FIELDSTONE,NSW,,11963,81,GLADSTONE|NSW
42961,MAMBOURIN,NSW,,10129,78,AUBURN|NSW
42963,MANOR LAKES,NSW,,12716,81,LAKE MUNMORAH|NSW
42965,MOUNT COTTRELL,NSW,,22152,83,MOUNT COTTRELL|VIC
42967,WYNDHAM VALE,NSW,,15497,81,WYNDHAM|NSW
42969,ALTONA EAST,NSW,,11630,84,EAST BALLINA|NSW
42971,ALTONA GATE,NSW,,20039,80,ALTONA GATE|VIC
42975,DERRIMUT,NSW,,10396,78,BERRIMA|NSW
42979,LAVERTON RAAF,NSW,,50951,79,LAVERTON|WA
42985,ALTONA MEADOWS,NSW,,20040,83,ALTONA MEADOWS|VIC
42993,TARNEIT,NSW,,14696,80,TAREE|NSW
42995,TRUGANINA,NSW,,14692,78,TARANA|NSW
42999,COCOROC,NSW,,11218,82,CONCORD|NSW
43007,WERRIBEE SOUTH,NSW,,14698,79,TAREE SOUTH|NSW
43012,ASCOT VALE,NSW,,11202,81,COLO VALE|NSW
43014,HIGHPOINT CITY,NSW,,21419,83,HIGHPOINT CITY|VIC
43016,MARIBYRNONG,NSW,,12993,81,MARAYONG|NSW
43018,TRAVANCORE,NSW,,14394,77,STANMORE|NSW
43020,KEILOR EAST,NSW,,11641,84,EAST KILLARA|NSW
43024,KEILOR,NSW,,12520,84,KELSO|NSW
43026,KEILOR NORTH,NSW,,21586,81,KEILOR NORTH|VIC
43030,DELAHEY,NSW,,11492,78,DELEGATE|NSW
43036,TAYLORS HILL,NSW,,14715,81,TAYLORS FLAT|NSW
43038,KEILOR DOWNS,NSW,,21583,81,KEILOR DOWNS|VIC
43040,KEILOR LODGE,NSW,,21585,81,KEILOR LODGE|VIC
43044,WATERGARDENS,NSW,,23278,81,WATERGARDENS|VIC
43046,MOONEE PONDS,NSW,,13256,77,MOONEE|NSW
43050,ESSENDON,NSW,,11738,80,ESSINGTON|NSW
43052,ESSENDON WEST,NSW,,11076,82,CESSNOCK WEST|NSW
43054,CROSS KEYS,NSW,,12589,83,KINGS CROSS|NSW
43056,ESSENDON FIELDS,NSW,,21055,84,ESSENDON FIELDS|VIC
43058,ESSENDON NORTH,NSW,,21056,83,ESSENDON NORTH|VIC
43062,STRATHMORE HEIGHTS,NSW,,22878,82,STRATHMORE HEIGHTS|VIC
43064,AIRPORT WEST,NSW,,20017,81,AIRPORT WEST|VIC
43066,KEILOR PARK,NSW,,11061,83,CECIL PARK|NSW
43068,NIDDRIE,NSW,,11613,74,DURI|NSW
43070,NIDDRIE NORTH,NSW,,22332,82,NIDDRIE NORTH|VIC
43074,GOWANBRAE,NSW,,12071,82,GOWAN|NSW
43078,PASCOE VALE,NSW,,13751,76,OXLEY VALE|NSW
43080,PASCOE VALE SOUTH,NSW,,22446,81,PASCOE VALE SOUTH|VIC
43092,JACANA,NSW,,10971,80,CANGAI|NSW
43096,MEADOW HEIGHTS,NSW,,12973,83,MANERA HEIGHTS|NSW
43104,HOTHAM HILL,NSW,,13600,83,NORTH HILL|NSW
43108,MELBOURNE UNIVERSITY,NSW,,21970,83,MELBOURNE UNIVERSITY|VIC
43116,PRINCES HILL,NSW,,14058,84,RILEYS HILL|NSW
43118,BRUNSWICK SOUTH,NSW,,20443,79,BRUNSWICK SOUTH|VIC
43120,BRUNSWICK WEST,NSW,,20444,83,BRUNSWICK WEST|VIC
43124,MORELAND WEST,NSW,,13117,83,MERRYLANDS WEST|NSW
43128,BRUNSWICK LOWER,NSW,,20441,84,BRUNSWICK LOWER|VIC
43130,BRUNSWICK NORTH,NSW,,20442,84,BRUNSWICK NORTH|VIC
43134,LYGON STREET NORTH,NSW,,21856,82,LYGON STREET NORTH|VIC
43136,SUMNER,NSW,,14197,80,SANGER|NSW
43142,COBURG NORTH,NSW,,12069,82,GOULBURN NORTH|NSW
43144,MERLYNSTON,NSW,,11702,80,EMERTON|NSW
43150,FAWKNER,NSW,,11789,78,FALCONER|NSW
43152,FAWKNER EAST,NSW,,21079,81,FAWKNER EAST|VIC
43154,FAWKNER NORTH,NSW,,21080,82,FAWKNER NORTH|VIC
43156,CAMPBELLFIELD,NSW,,10322,83,BELFIELD|NSW
43159,OAKLANDS JUNCTION,NSW,,22400,81,OAKLANDS JUNCTION|VIC
43161,YUROKE,NSW,,14077,76,ROCKLEY|NSW
43167,KALKALLO,NSW,,10938,75,CALWALLA|NSW
43169,MICKLEHAM,NSW,,22007,77,MICKLEHAM|VIC
43171,ROXBURGH PARK,NSW,,13798,76,PARKESBOROUGH|NSW
43180,CLIFTON HILL,NSW,,11140,81,CLIFTON|NSW
43182,FITZROY NORTH,NSW,,21098,82,FITZROY NORTH|VIC
43184,NORTHCOTE,NSW,,13526,81,NETHERCOTE|NSW
43186,NORTHCOTE SOUTH,NSW,,22369,79,NORTHCOTE SOUTH|VIC
43188,THORNBURY,NSW,,14121,80,ROTHBURY|NSW
43196,PRESTON LOWER,NSW,,12907,80,LOWER PORTLAND|NSW
43198,PRESTON SOUTH,NSW,,13932,83,PRESTONS|NSW
43202,REGENT WEST,NSW,,14699,83,TAREE WEST|NSW
43204,SYLVESTER,NSW,,14268,79,SILVERWATER|NSW
43208,RESERVOIR,NSW,,51487,72,RESERVOIR|WA
43210,RESERVOIR EAST,NSW,,22593,78,RESERVOIR EAST|VIC
43212,RESERVOIR NORTH,NSW,,22594,79,RESERVOIR NORTH|VIC
43214,RESERVOIR SOUTH,NSW,,22595,79,RESERVOIR SOUTH|VIC
43216,THOMASTOWN,NSW,,14803,77,THORNTON|NSW
43218,LALOR,NSW,,11894,84,GALORE|NSW
43220,LALOR PLAZA,NSW,,12725,83,LALOR PARK|NSW
43230,IVANHOE EAST,NSW,,12403,81,IVANHOE|NSW
43232,IVANHOE NORTH,NSW,,21497,82,IVANHOE NORTH|VIC
43238,HEIDELBERG RGH,NSW,,21398,78,HEIDELBERG RGH|VIC
43240,HEIDELBERG WEST,NSW,,21399,84,HEIDELBERG WEST|VIC
43246,KINGSBURY,NSW,,12386,77,INGLEBURN|NSW
43248,LA TROBE UNIVERSITY,NSW,,21700,83,LA TROBE UNIVERSITY|VIC
43250,BANYULE,NSW,,10796,80,BULEE|NSW
43254,HEIDELBERG,NSW,,12270,79,HECKENBERG|NSW
43256,ROSANNA,NSW,,14132,80,ROWAN|NSW
43258,VIEWBANK,NSW,,14022,78,REDBANK|NSW
43262,MACLEOD WEST,NSW,,21869,81,MACLEOD WEST|VIC
43265,WATSONIA,NSW,,15212,82,WATTON|NSW
43267,WATSONIA NORTH,NSW,,23284,83,WATSONIA NORTH|VIC
43278,PLENTY,NSW,,13843,76,PENRITH|NSW
43282,LOWER PLENTY,NSW,,12907,76,LOWER PORTLAND|NSW
43284,MONTMORENCY,NSW,,13238,81,MONTEREY|NSW
43287,ELTHAM NORTH,NSW,,13585,83,NORTH ARM|NSW
43289,RESEARCH,NSW,,14897,78,TREGEAR|NSW
43291,WATTLE GLEN,NSW,,15208,84,WATTLE GROVE|NSW
43293,BEND OF ISLANDS,NSW,,20257,79,BEND OF ISLANDS|VIC
43295,KANGAROO GROUND,NSW,,21559,84,KANGAROO GROUND|VIC
43300,COTTLES BRIDGE,NSW,,20782,83,COTTLES BRIDGE|VIC
43302,HURSTBRIDGE,NSW,,13641,80,NORTHBRIDGE|NSW
43304,NUTFIELD,NSW,,14731,81,TENTERFIELD|NSW
43311,KEW EAST,NSW,,11656,80,EASTLAKES|NSW
43313,BALWYN,NSW,,10186,82,BALCOLYN|NSW
43315,BALWYN EAST,NSW,,10208,84,BALMAIN EAST|NSW
43319,DEEPDENE DC,NSW,,20874,80,DEEPDENE DC|VIC
43321,STRADBROKE PARK,NSW,,22863,79,STRADBROKE PARK|VIC
43323,BALWYN NORTH,NSW,,13606,84,NORTH MANLY|NSW
43325,GREYTHORN,NSW,,12011,81,GLENTHORNE|NSW
43329,BULLEEN SOUTH,NSW,,14303,82,SOUTH BALLINA|NSW
43331,TEMPLESTOWE,NSW,,14723,75,TEMPE|NSW
43333,TEMPLESTOWE LOWER,NSW,,23005,81,TEMPLESTOWE LOWER|VIC
43335,DONCASTER,NSW,,11526,77,DIRNASEER|NSW
43337,DONCASTER EAST,NSW,,20927,83,DONCASTER EAST|VIC
43343,TUNSTALL SQUARE PO,NSW,,23122,82,TUNSTALL SQUARE PO|VIC
43345,DONVALE,NSW,,13233,82,MONIVAE|NSW
43349,WARRANDYTE,NSW,,15160,79,WARRADERRY|NSW
43351,PARK ORCHARDS,NSW,,13725,80,ORAN PARK|NSW
43355,CHIRNSIDE PARK,NSW,,10946,78,CAMBRIDGE PARK|NSW
43364,RICHMOND EAST,NSW,,14053,83,RICHMOND|NSW
43368,RICHMOND SOUTH,NSW,,14053,80,RICHMOND|NSW
43373,GLENFERRIE SOUTH,NSW,,11711,81,ENFIELD SOUTH|NSW
43377,HAWTHORN NORTH,NSW,,12215,83,HAMILTON NORTH|NSW
43379,HAWTHORN WEST,NSW,,21376,82,HAWTHORN WEST|VIC
43382,HAWTHORN EAST,NSW,,12214,82,HAMILTON EAST|NSW
43387,CAMBERWELL SOUTH,NSW,,10940,82,CAMBERWELL|NSW
43395,BENNETTSWOOD,NSW,,20267,81,BENNETTSWOOD|VIC
43398,SURREY HILLS SOUTH,NSW,,22907,82,SURREY HILLS SOUTH|VIC
43403,MONT ALBERT,NSW,,10028,80,ALBERT|NSW
43407,SURREY HILLS NORTH,NSW,,22906,82,SURREY HILLS NORTH|VIC
43417,WATTLE PARK,NSW,,15327,83,WILEY PARK|NSW
43421,KERRIMUIR,NSW,,12542,81,KERRIGUNDI|NSW
43427,BLACKBURN NORTH,NSW,,20313,84,BLACKBURN NORTH|VIC
43431,LABURNUM,NSW,,10129,82,AUBURN|NSW
43433,BRENTFORD SQUARE,NSW,,20400,80,BRENTFORD SQUARE|VIC
43437,NUNAWADING,NSW,,15127,74,WANAARING|NSW
43441,MITCHAM NORTH,NSW,,22051,82,MITCHAM NORTH|VIC
43447,VERMONT SOUTH,NSW,,23170,76,VERMONT SOUTH|VIC
43453,RINGWOOD NORTH,NSW,,14059,80,RINGWOOD|NSW
43455,WARRANDYTE SOUTH,NSW,,23259,80,WARRANDYTE SOUTH|VIC
43459,BEDFORD ROAD,NSW,,50104,77,BEDFORD|WA
43463,RINGWOOD EAST,NSW,,14059,83,RINGWOOD|NSW
43466,CROYDON HILLS,NSW,,20815,82,CROYDON HILLS|VIC
43468,CROYDON NORTH,NSW,,20816,82,CROYDON NORTH|VIC
43470,CROYDON SOUTH,NSW,,10951,79,CAMDEN SOUTH|NSW
43472,KILSYTH,NSW,,12551,74,KIAH|NSW
43474,KILSYTH SOUTH,NSW,,14316,77,SOUTH HILL|NSW
43476,MOOROOLBARK,NSW,,22111,80,MOOROOLBARK|VIC
43478,BEENAK,NSW,,10826,82,BUNDEENA|NSW
43484,LAUNCHING PLACE,NSW,,21765,79,LAUNCHING PLACE|VIC
43488,SEVILLE EAST,NSW,,14113,80,ROSEVILLE CHASE|NSW
43490,WANDIN EAST,NSW,,23222,80,WANDIN EAST|VIC
43492,WANDIN NORTH,NSW,,23223,81,WANDIN NORTH|VIC
43494,WOORI YALLOCK,NSW,,23442,82,WOORI YALLOCK|VIC
43496,YELLINGBO,NSW,,15569,82,YENGO|NSW
43499,CHAPEL STREET NORTH,NSW,,20635,83,CHAPEL STREET NORTH|VIC
43501,DOMAIN ROAD PO,NSW,,20923,78,DOMAIN ROAD PO|VIC
43503,SOUTH YARRA,NSW,,14329,80,SOUTH TURRAMURRA|NSW
43505,HAWKSBURN,NSW,,10129,78,AUBURN|NSW
43507,TOORAK,NSW,,14801,84,THORA|NSW
43519,CAULFIELD EAST,NSW,,20623,83,CAULFIELD EAST|VIC
43525,DARLING SOUTH,NSW,,11002,83,CARINGBAH SOUTH|NSW
43527,MALVERN EAST,NSW,,21893,81,MALVERN EAST|VIC
43529,WATTLETREE ROAD PO,NSW,,23292,82,WATTLETREE ROAD PO|VIC
43535,ASHBURTON,NSW,,10113,83,ASHBURY|NSW
43543,HOLMESGLEN,NSW,,12317,83,HOLMESVILLE|NSW
43547,MOUNT WAVERLEY,NSW,,22189,83,MOUNT WAVERLEY|VIC
43553,BRANDON PARK,NSW,,10682,83,BRAY PARK|NSW
43555,GLEN WAVERLEY,NSW,,15216,83,WAVERLEY|NSW
43557,WHEELERS HILL,NSW,,23335,82,WHEELERS HILL|VIC
43559,BURWOOD EAST,NSW,,10886,81,BURWOOD|NSW
43564,STUDFIELD,NSW,,14226,81,SEDGEFIELD|NSW
43566,WANTIRNA,NSW,,15079,78,WAITARA|NSW
43568,WANTIRNA SOUTH,NSW,,23239,78,WANTIRNA SOUTH|VIC
43572,BAYSWATER NORTH,NSW,,20211,84,BAYSWATER NORTH|VIC
43579,LYSTERFIELD,NSW,,11134,83,CLEARFIELD|NSW
43581,LYSTERFIELD SOUTH,NSW,,11711,84,ENFIELD SOUTH|NSW
43583,MOUNTAIN GATE,NSW,,22191,82,MOUNTAIN GATE|VIC
43585,UPPER FERNTREE GULLY,NSW,,23156,83,UPPER FERNTREE GULLY|VIC
43587,UPWEY,NSW,,15237,78,WELBY|NSW
43597,BELGRAVE SOUTH,NSW,,10413,82,BEXLEY SOUTH|NSW
43607,CAULFIELD SOUTH,NSW,,11711,83,ENFIELD SOUTH|NSW
43611,BOORAN ROAD PO,NSW,,20359,78,BOORAN ROAD PO|VIC
43613,CARNEGIE,NSW,,10971,82,CANGAI|NSW
43615,GLEN HUNTLY,NSW,,21200,80,GLEN HUNTLY|VIC
43617,MURRUMBEENA,NSW,,13441,81,MURRUMBATEMAN|NSW
43619,DANDENONG SOUTH,NSW,,10951,80,CAMDEN SOUTH|NSW
43621,BENTLEIGH EAST,NSW,,20270,83,BENTLEIGH EAST|VIC
43623,COATESVILLE,NSW,,11130,83,CLAREVILLE|NSW
43625,HUGHESDALE,NSW,,21457,79,HUGHESDALE|VIC
43631,OAKLEIGH EAST,NSW,,22402,76,OAKLEIGH EAST|VIC
43633,OAKLEIGH SOUTH,NSW,,22403,78,OAKLEIGH SOUTH|VIC
43637,NOTTING HILL,NSW,,22373,81,NOTTING HILL|VIC
43641,CLAYTON SOUTH,NSW,,14311,82,SOUTH GRAFTON|NSW
43647,SANDOWN VILLAGE,NSW,,22690,79,SANDOWN VILLAGE|VIC
43651,DINGLEY VILLAGE,NSW,,20911,84,DINGLEY VILLAGE|VIC
43653,SPRINGVALE SOUTH,NSW,,14364,82,SPRINGVALE|NSW
43655,KEYSBOROUGH,NSW,,21610,80,KEYSBOROUGH|VIC
43659,NOBLE PARK EAST,NSW,,22345,79,NOBLE PARK EAST|VIC
43661,NOBLE PARK NORTH,NSW,,22346,80,NOBLE PARK NORTH|VIC
43663,BANGHOLME,NSW,,10221,82,BANGO|NSW
43667,DANDENONG EAST,NSW,,20844,83,DANDENONG EAST|VIC
43669,DANDENONG NORTH,NSW,,20845,84,DANDENONG NORTH|VIC
43671,DUNEARN,NSW,,10828,78,BUNDEMAR|NSW
43673,SCORESBY BC,NSW,,14297,74,SOMERSBY|NSW
43675,DOVETON,NSW,,11289,82,COPETON|NSW
43677,EUMEMMERRING,NSW,,21058,81,EUMEMMERRING|VIC
43681,SCORESBY,NSW,,14297,83,SOMERSBY|NSW
43683,KNOXFIELD,NSW,,11710,83,ENFIELD|NSW
43685,PRAHRAN,NSW,,13792,84,PARA|NSW
43687,PRAHRAN EAST,NSW,,11648,77,EAST SEAHAM|NSW
43693,ST KILDA SOUTH,NSW,,14384,78,ST MARYS SOUTH|NSW
43695,ST KILDA WEST,NSW,,22837,76,ST KILDA WEST|VIC
43698,ST KILDA EAST,NSW,,11641,79,EAST KILLARA|NSW
43700,BRIGHTON ROAD,NSW,,10702,79,BRIGHTON LE SANDS|NSW
43704,ELSTERNWICK,NSW,,21031,80,ELSTERNWICK|VIC
43706,GARDENVALE,NSW,,12110,81,GREENDALE|NSW
43708,RIPPONLEA,NSW,,14836,73,TIONA|NSW
43714,DENDY,NSW,,11451,84,DANDRY|NSW
43716,WERE STREET PO,NSW,,23316,78,WERE STREET PO|VIC
43728,MOORABBIN,NSW,,13240,82,MOOBI|NSW
43730,MOORABBIN EAST,NSW,,22102,83,MOORABBIN EAST|VIC
43734,HIGHETT,NSW,,10509,73,BLIGHTY|NSW
43742,SOUTHLAND CENTRE,NSW,,22795,80,SOUTHLAND CENTRE|VIC
43746,BLACK ROCK,NSW,,14072,81,ROCK FLAT|NSW
43748,BLACK ROCK NORTH,NSW,,13613,80,NORTH ROCKS|NSW
43753,MENTONE EAST,NSW,,21978,81,MENTONE EAST|VIC
43757,ASPENDALE,NSW,,10151,80,AVONDALE|NSW
43761,BRAESIDE,NSW,,10679,82,BRASSI|NSW
43763,MORDIALLOC,NSW,,22117,79,MORDIALLOC|VIC
43769,WATERWAYS,NSW,,15194,77,WATERFALL|NSW
43771,BONBEACH,NSW,,10719,83,BROBENAH|NSW
43773,CHELSEA,NSW,,11102,80,CHELTENHAM|NSW
43775,CHELSEA HEIGHTS,NSW,,20644,84,CHELSEA HEIGHTS|VIC
43777,EDITHVALE,NSW,,11670,82,EDITH|NSW
43779,CARRUM,NSW,,11016,82,CARRAMAR|NSW
43781,PATTERSON LAKES,NSW,,22453,79,PATTERSON LAKES|VIC
43789,FRANKSTON EAST,NSW,,21126,83,FRANKSTON EAST|VIC
43793,FRANKSTON SOUTH,NSW,,14311,83,SOUTH GRAFTON|NSW
43797,KARINGAL CENTRE,NSW,,21570,84,KARINGAL CENTRE|VIC
43801,PINES FOREST,NSW,,11853,81,FOREST REEFS|NSW
43803,CARRUM DOWNS,NSW,,20608,81,CARRUM DOWNS|VIC
43805,HEATHERTON,NSW,,11702,80,EMERTON|NSW
43809,MCKINNON,NSW,,13185,76,MINTO|NSW
43811,ORMOND,NSW,,14053,82,RICHMOND|NSW
43815,SOUTH MELBOURNE,NSW,,10130,80,AUBURN SOUTH|NSW
43817,SOUTH MELBOURNE DC,NSW,,22788,82,SOUTH MELBOURNE DC|VIC
43819,ALBERT PARK,NSW,,10402,83,BERRY PARK|NSW
43821,MIDDLE PARK,NSW,,13140,81,MIDDLE POCKET|NSW
43823,GARDEN CITY,NSW,,21147,80,GARDEN CITY|VIC
43825,PORT MELBOURNE,NSW,,22522,78,PORT MELBOURNE|VIC
43832,POINT WILSON,NSW,,13903,79,POINT WOLSTONCROFT|NSW
43834,ANAKIE,NSW,,10971,80,CANGAI|NSW
43836,BATESFORD,NSW,,10120,83,ASHFORD|NSW
43838,LOVELY BANKS,NSW,,21844,81,LOVELY BANKS|VIC
43840,MOORABOOL,NSW,,11238,83,COOBOOL|NSW
43842,CORIO,NSW,,11294,84,CORAKI|NSW
43844,NORLANE,NSW,,12423,82,JENOLAN|NSW
43849,BELL POST HILL,NSW,,20233,78,BELL POST HILL|VIC
43851,DRUMCONDRA,NSW,,20953,79,DRUMCONDRA|VIC
43853,GEELONG NORTH,NSW,,10342,82,BELMONT NORTH|NSW
43855,HAMLYN HEIGHTS,NSW,,10973,83,CANLEY HEIGHTS|NSW
43857,NORTH GEELONG,NSW,,10342,82,BELMONT NORTH|NSW
43859,RIPPLESIDE,NSW,,14063,81,RIVERSIDE|NSW
43866,GROVEDALE EAST,NSW,,21328,83,GROVEDALE EAST|VIC
43874,WANDANA HEIGHTS,NSW,,23219,84,WANDANA HEIGHTS|VIC
43876,WAURN PONDS,NSW,,14205,79,SAUMAREZ PONDS|NSW
43878,ARMSTRONG CREEK,NSW,,30106,84,ARMSTRONG CREEK|QLD
43882,DEAKIN UNIVERSITY,NSW,,20864,81,DEAKIN UNIVERSITY|VIC
43884,FYANSFORD,NSW,,10120,83,ASHFORD|NSW
43886,GEELONG WEST,NSW,,11745,82,EUABALONG WEST|NSW
43892,MURGHEBOLUC,NSW,,22214,80,MURGHEBOLUC|VIC
43898,EAST GEELONG,NSW,,20990,81,EAST GEELONG|VIC
43900,NEWCOMB,NSW,,11679,82,ELCOMBE|NSW
43902,ST ALBANS PARK,NSW,,14366,84,ST ALBANS|NSW
43904,THOMSON,NSW,,14849,82,TOMBONG|NSW
43913,SOUTH GEELONG,NSW,,10343,82,BELMONT SOUTH|NSW
43919,CERES,NSW,,11124,78,CLARE|NSW
43921,GEELONG MC,NSW,,21157,79,GEELONG MC|VIC
43923,GNARWARRE,NSW,,13484,78,NARARA|NSW
43925,GREY RIVER,NSW,,11843,80,FORBES RIVER|NSW
43927,KENNETT RIVER,NSW,,21594,76,KENNETT RIVER|VIC
43931,SEPARATION CREEK,NSW,,14345,83,SPRING CREEK|NSW
43933,STAUGHTON VALE,NSW,,22846,78,STAUGHTON VALE|VIC
43940,WYE RIVER,NSW,,15556,81,YASS RIVER|NSW
43942,CLIFTON SPRINGS,NSW,,20686,79,CLIFTON SPRINGS|VIC
43947,MANNERIM,NSW,,12966,76,MANAR|NSW
43951,INDENTED HEAD,NSW,,21474,82,INDENTED HEAD|VIC
43953,PORTARLINGTON,NSW,,14880,84,TORRINGTON|NSW
43956,LEOPOLD,NSW,,12013,78,GLENWOOD|NSW
43958,POINT LONSDALE,NSW,,11442,82,DALEYS POINT|NSW
43964,OCEAN GROVE,NSW,,13730,84,ORANGE GROVE|NSW
43966,BARWON HEADS,NSW,,10729,84,BROKEN HEAD|NSW
43968,BREAMLEA,NSW,,10374,82,BERALA|NSW
43970,CONNEWARRE,NSW,,20743,79,CONNEWARRE|VIC
43974,BELLS BEACH,NSW,,10518,84,BLUEYS BEACH|NSW
43976,JAN JUC,NSW,,21507,73,JAN JUC|VIC
43978,TORQUAY,NSW,,14801,80,THORA|NSW
43980,ANGLESEA,NSW,,10218,83,BANGALEE|NSW
43982,AIREYS INLET,NSW,,20015,81,AIREYS INLET|VIC
43985,EASTERN VIEW,NSW,,20998,81,EASTERN VIEW|VIC
43987,FAIRHAVEN,NSW,,11092,81,CHARMHAVEN|NSW
43994,CAPE OTWAY,NSW,,20567,71,CAPE OTWAY|VIC
43997,PETTICOAT CREEK,NSW,,13906,79,POLA CREEK|NSW
44001,SKENES CREEK NORTH,NSW,,22760,82,SKENES CREEK NORTH|VIC
44003,BENWERRIN,NSW,,10695,81,BREWARRINA|NSW
44007,DEANS MARSH,NSW,,20867,80,DEANS MARSH|VIC
44009,PENNYROYAL,NSW,,13846,72,PENROSE|NSW
44015,AIRE VALLEY,NSW,,12106,84,GREEN VALLEY|NSW
44017,BEECH FOREST,NSW,,10166,84,BACK FOREST|NSW
44025,WEEAPROINAH,NSW,,23302,80,WEEAPROINAH|VIC
44033,HORDERN VALE,NSW,,11491,83,DEER VALE|NSW
44035,JOHANNA,NSW,,12415,82,JANNALI|NSW
44037,LAVERS HILL,NSW,,12879,83,LORDS HILL|NSW
44039,CARLISLE RIVER,NSW,,12840,82,LITTLE RIVER|NSW
44041,CHAPPLE VALE,NSW,,10974,84,CANLEY VALE|NSW
44043,GELLIBRAND,NSW,,11688,83,ELLAND|NSW
44045,KENNEDYS CREEK,NSW,,12000,83,GLENNIES CREEK|NSW
44049,GHERANG,NSW,,10381,82,BERLANG|NSW
44051,MODEWARRE,NSW,,22064,77,MODEWARRE|VIC
44053,MORIAC,NSW,,13214,84,MOIRA|NSW
44055,MOUNT MORIAC,NSW,,22176,81,MOUNT MORIAC|VIC
44057,PARAPARAP,NSW,,15526,78,YARARA|NSW
44061,OMBERSLEY,NSW,,13700,82,OBLEY|NSW
44063,WENSLEYDALE,NSW,,15283,81,WESTDALE|NSW
44065,WINCHELSEA,NSW,,23373,79,WINCHELSEA|VIC
44067,WINCHELSEA SOUTH,NSW,,23374,80,WINCHELSEA SOUTH|VIC
44069,WURDIBOLUC,NSW,,23461,79,WURDIBOLUC|VIC
44071,BIRREGURRA,NSW,,10466,80,BIRREGO|NSW
44073,BARWON DOWNS,NSW,,20195,81,BARWON DOWNS|VIC
44075,GERANGAMETE,NSW,,11899,80,GANGAT|NSW
44077,MURROON,NSW,,13193,82,MIRROOL|NSW
44079,WARNCOORT,NSW,,15185,78,WARROO|NSW
44081,WHOOREL,NSW,,15451,80,WOOLI|NSW
44097,DREEITE,NSW,,11492,78,DELEGATE|NSW
44099,DREEITE SOUTH,NSW,,11303,81,COREE SOUTH|NSW
44103,IRREWILLIPE,NSW,,21492,80,IRREWILLIPE|VIC
44109,LARPENT,NSW,,12746,82,LARBERT|NSW
44111,NALANGIL,NSW,,12475,82,KALANG|NSW
44113,ONDIT,NSW,,13911,78,PONTO|NSW
44115,PIRRON YALLOCK,NSW,,22493,78,PIRRON YALLOCK|VIC
44117,POMBORNEIT EAST,NSW,,22506,79,POMBORNEIT EAST|VIC
44119,SWAN MARSH,NSW,,14176,77,SALT ASH|NSW
44121,TANYBRYN,NSW,,14682,75,TANNABAR|NSW
44125,WOOL WOOL,NSW,,15450,81,WOOLGOOLGA|NSW
44129,YEODENE,NSW,,15498,82,WYNEDEN|NSW
44133,COLAC EAST,NSW,,11633,83,EAST CORAKI|NSW
44135,COLAC WEST,NSW,,15264,83,WEST CORAKI|NSW
44137,ELLIMINYT,NSW,,21026,77,ELLIMINYT|VIC
44139,BEEAC,NSW,,10691,84,BREEZA|NSW
44141,CUNDARE,NSW,,10833,82,BUNDURE|NSW
44143,CUNDARE NORTH,NSW,,13605,83,NORTH MACQUARIE|NSW
44145,EURACK,NSW,,12786,84,LEURA|NSW
44147,WEERING,NSW,,15229,82,WEELONG|NSW
44149,COROROOKE,NSW,,10615,83,BOOROOK|NSW
44151,BOOKAAR,NSW,,10738,83,BROOKLANA|NSW
44153,BOSTOCKS CREEK,NSW,,20372,83,BOSTOCKS CREEK|VIC
44158,CARPENDEIT,NSW,,20600,79,CARPENDEIT|VIC
44160,CHOCOLYN,NSW,,11204,78,COLYTON|NSW
44162,GNOTUK,NSW,,12023,74,GOCUP|NSW
44168,LESLIE MANOR,NSW,,21789,81,LESLIE MANOR|VIC
44170,POMBORNEIT,NSW,,13737,80,OSBORNE|NSW
44172,POMBORNEIT NORTH,NSW,,22507,80,POMBORNEIT NORTH|VIC
44174,SKIBO,NSW,,14972,75,UKI|NSW
44176,SOUTH PURRUMBETE,NSW,,22790,80,SOUTH PURRUMBETE|VIC
44178,STONYFORD,NSW,,13741,78,OTFORD|NSW
44180,TANDAROOK,NSW,,15131,83,WANDOOK|NSW
44182,TESBURY,NSW,,14121,78,ROTHBURY|NSW
44184,WEERITE,NSW,,15248,80,WERAI|NSW
44192,DIXIE,NSW,,10453,74,BINGIE|NSW
44194,ECKLIN SOUTH,NSW,,10343,79,BELMONT SOUTH|NSW
44198,FRAMLINGHAM,NSW,,21122,80,FRAMLINGHAM|VIC
44202,GARVOC,NSW,,10148,84,AVOCA|NSW
44204,GLENORMISTON,NSW,,21236,81,GLENORMISTON|VIC
44208,GLENORMISTON SOUTH,NSW,,21238,82,GLENORMISTON SOUTH|VIC
44214,NOORAT,NSW,,13575,84,NOONA|NSW
44218,PANMURE,NSW,,13790,82,PANUARA|NSW
44220,TAROON,NSW,,14702,84,TARLO|NSW
44222,THE SISTERS,NSW,,14788,76,THE SHADES|NSW
44224,BULLAHARRE,NSW,,10807,81,BULLATALE|NSW
44226,COBDEN,NSW,,10783,80,BUDDEN|NSW
44228,COBRICO,NSW,,10391,82,BERRICO|NSW
44230,ELINGAMITE,NSW,,13085,80,MELINGA|NSW
44234,GLENFYNE,NSW,,11993,80,GLENFIELD|NSW
44236,JANCOURT,NSW,,10071,75,ANGOURIE|NSW
44238,JANCOURT EAST,NSW,,21509,82,JANCOURT EAST|VIC
44240,NAROGHID,NSW,,22273,75,NAROGHID|VIC
44245,AYRFORD,NSW,,10120,82,ASHFORD|NSW
44247,BRUCKNELL,NSW,,10827,80,BUNDELLA|NSW
44249,COORIEMUNGLE,NSW,,20756,81,COORIEMUNGLE|VIC
44253,CURDIE VALE,NSW,,10517,79,BLUE VALE|NSW
44255,CURDIES RIVER,NSW,,11068,81,CELLS RIVER|NSW
44257,CURDIEVALE,NSW,,20830,79,CURDIEVALE|VIC
44265,NIRRANDA EAST,NSW,,22342,82,NIRRANDA EAST|VIC
44267,NIRRANDA SOUTH,NSW,,14324,79,SOUTH NOWRA|NSW
44269,NULLAWARRE,NSW,,15329,76,WILLAWARRIN|NSW
44271,NULLAWARRE EAST,NSW,,22381,79,NULLAWARRE EAST|VIC
44273,NULLAWARRE NORTH,NSW,,22382,80,NULLAWARRE NORTH|VIC
44275,PAARATTE,NSW,,13792,80,PARA|NSW
44279,TIMBOON,NSW,,14849,82,TOMBONG|NSW
44281,TIMBOON WEST,NSW,,23044,75,TIMBOON WEST|VIC
44283,PORT CAMPBELL,NSW,,22519,76,PORT CAMPBELL|VIC
44285,PRINCETOWN,NSW,,13865,83,PICTON|NSW
44289,PETERBOROUGH,NSW,,13798,79,PARKESBOROUGH|NSW
44292,DUNDONNELL,NSW,,11604,80,DUNOLLY|NSW
44294,PURA PURA,NSW,,13792,76,PARA|NSW
44297,WOORNDOO,NSW,,15448,80,WOOLBROOK|NSW
44300,CARAMUT,NSW,,11009,82,CARNHAM|NSW
44308,WOOLSTHORPE,NSW,,23435,80,WOOLSTHORPE|VIC
44310,ALLANSFORD,NSW,,10497,81,BLANDFORD|NSW
44312,MEPUNGA,NSW,,13085,82,MELINGA|NSW
44314,MEPUNGA EAST,NSW,,21981,81,MEPUNGA EAST|VIC
44316,MEPUNGA WEST,NSW,,21982,81,MEPUNGA WEST|VIC
44318,NARINGAL,NSW,,10244,83,BARBIGAL|NSW
44320,NARINGAL EAST,NSW,,22272,82,NARINGAL EAST|VIC
44322,PURNIM,NSW,,13744,80,OURNIE|NSW
44324,PURNIM WEST,NSW,,15271,73,WEST PYMBLE|NSW
44326,BALLANGEICH,NSW,,20126,80,BALLANGEICH|VIC
44328,WANGOOM,NSW,,15131,82,WANDOOK|NSW
44342,WINSLOW,NSW,,15309,82,WHITLOW|NSW
44347,KOROIT,NSW,,12626,84,KLORI|NSW
44349,CROSSLEY,NSW,,11371,81,CROSSMAGLEN|NSW
44353,KIRKSTALL,NSW,,12552,78,KIALLA|NSW
44355,SOUTHERN CROSS,NSW,,33214,83,SOUTHERN CROSS|QLD
44363,WILLATOOK,NSW,,15109,80,WALLAROO|NSW
44367,YARPTURK,NSW,,14203,76,SATUR|NSW
44371,PORT FAIRY,NSW,,13913,76,PORT BOTANY|NSW
44374,NARRAWONG,NSW,,13501,83,NARRAWA|NSW
44381,TYRENDARRA,NSW,,14898,80,TRENAYR|NSW
44383,TYRENDARRA EAST,NSW,,23139,79,TYRENDARRA EAST|VIC
44385,YAMBUK,NSW,,15516,84,YAMBA|NSW
44387,CONDAH SWAMP,NSW,,20740,75,CONDAH SWAMP|VIC
44389,KNEBSWORTH,NSW,,13556,80,NEWPORT|NSW
44391,MACARTHUR,NSW,,70236,83,MCARTHUR|NT
44393,RIPPONHURST,NSW,,13847,79,PENSHURST|NSW
44397,HAWKESDALE,NSW,,12910,81,LOWESDALE|NSW
44399,MINHAMITE,NSW,,13181,82,MINMI|NSW
44401,GAZETTE,NSW,,11742,73,ETTREMA|NSW
44403,GERRIGERRUP,NSW,,21175,80,GERRIGERRUP|VIC
44408,TABOR,NSW,,14688,82,TARA|NSW
44411,GLENTHOMPSON,NSW,,21243,81,GLENTHOMPSON|VIC
44415,NARRAPUMELAP SOUTH,NSW,,22276,82,NARRAPUMELAP SOUTH|VIC
44421,MIRRANATWA,NSW,,13190,80,MIRANDA|NSW
44423,MOUTAJUP,NSW,,22193,75,MOUTAJUP|VIC
44425,VICTORIA POINT,NSW,,33629,78,VICTORIA POINT|QLD
44431,BYADUK NORTH,NSW,,13592,81,NORTH BOURKE|NSW
44434,BOCHARA,NSW,,10240,84,BARA|NSW
44437,BUCKLEY SWAMP,NSW,,10479,81,BLACK SWAMP|NSW
44439,BYADUK,NSW,,10898,76,BYANGUM|NSW
44445,MORGIANA,NSW,,10613,80,BOORGANNA|NSW
44447,MOUNT NAPIER,NSW,,22177,81,MOUNT NAPIER|VIC
44449,STRATHKELLAR,NSW,,14422,84,STRATHCEDAR|NSW
44455,WANNON,NSW,,14186,80,SANDON|NSW
44457,WARRAYURE,NSW,,15169,80,WARRAWEE|NSW
44459,YATCHAW,NSW,,15557,78,YATHELLA|NSW
44461,YULECART,NSW,,23533,75,YULECART|VIC
44463,BRANXHOLME,NSW,,60073,81,BRANXHOLM|TAS
44465,GRASSDALE,NSW,,11481,80,DAYSDALE|NSW
44467,BREAKAWAY CREEK,NSW,,10686,84,BREAKFAST CREEK|NSW
44471,HOTSPUR,NSW,,11095,75,CHATSBURY|NSW
44473,LAKE CONDAH,NSW,,12707,84,LAKE CONJOLA|NSW
44475,WALLACEDALE,NSW,,15096,81,WALLACIA|NSW
44477,BESSIEBELLE,NSW,,20282,80,BESSIEBELLE|VIC
44481,DRIK DRIK,NSW,,20944,77,DRIK DRIK|VIC
44483,DRUMBORG,NSW,,11603,78,DUNMORE|NSW
44487,HEYWOOD,NSW,,12225,82,HANWOOD|NSW
44491,LYONS,NSW,,12880,82,LORN|NSW
44495,MUMBANNAR,NSW,,12966,82,MANAR|NSW
44497,MYAMYN,NSW,,12990,76,MANYANA|NSW
44499,WINNAP,NSW,,15370,80,WINGEN|NSW
44501,ALLESTREE,NSW,,12961,78,MALLEE|NSW
44506,CASHMORE,NSW,,11131,83,CLAYMORE|NSW
44508,DUTTON WAY,NSW,,20980,79,DUTTON WAY|VIC
44510,GORAE,NSW,,11894,84,GALORE|NSW
44516,MOUNT RICHMOND,NSW,,13612,83,NORTH RICHMOND|NSW
44520,PORTLAND NORTH,NSW,,12907,83,LOWER PORTLAND|NSW
44522,PORTLAND WEST,NSW,,13920,83,PORTLAND|NSW
44524,DIGBY,NSW,,13149,78,MILBY|NSW
44528,TAHARA WEST,NSW,,14699,83,TAREE WEST|NSW
44533,HEATH FIELD,NSW,,21386,80,HEATH FIELD|VIC
44537,BAHGALLAH,NSW,,10368,80,BENGALLA|NSW
44539,BRIMBOAL,NSW,,10242,83,BARAIMAL|NSW
44541,CARAPOOK,NSW,,11012,82,CAROOL|NSW
44543,CHETWYND,NSW,,12275,76,HENTY|NSW
44545,DERGHOLM,NSW,,11672,76,EDROM|NSW
44547,DORODONG,NSW,,12634,83,KOLODONG|NSW
44549,DUNROBIN,NSW,,11605,82,DUNOON|NSW
44554,LAKE MUNDI,NSW,,21729,79,LAKE MUNDI|VIC
44558,MUNTHAM,NSW,,13037,82,MATCHAM|NSW
44560,NANGEELA,NSW,,13564,83,NIANGALA|NSW
44562,POOLAIJELO,NSW,,13912,74,POONCARIE|NSW
44566,SANDFORD,NSW,,14186,82,SANDON|NSW
44568,STRATHDOWNIE,NSW,,14423,80,STRATHEDEN|NSW
44570,WANDO BRIDGE,NSW,,23224,81,WANDO BRIDGE|VIC
44572,WANDO VALE,NSW,,15147,81,WARDROP VALLEY|NSW
44578,CAVENDISH,NSW,,11346,78,CRAVEN|NSW
44580,GLENISLA,NSW,,11993,80,GLENFIELD|NSW
44586,WOOHLPOOER,NSW,,15459,79,WOOLOOWARE|NSW
44590,CLOVER FLAT,NSW,,11332,81,COW FLAT|NSW
44594,COOJAR,NSW,,11160,84,COBAR|NSW
44598,GRINGEGALGONA,NSW,,21325,82,GRINGEGALGONA|VIC
44600,GRITJURK,NSW,,21326,75,GRITJURK|VIC
44602,HILGAY,NSW,,12251,82,HAY|NSW
44604,KONONGWOOTONG,NSW,,21654,82,KONONGWOOTONG|VIC
44612,PASCHENDALE,NSW,,14005,76,RAVENSDALE|NSW
44614,TAHARA BRIDGE,NSW,,22934,76,TAHARA BRIDGE|VIC
44616,TARRAYOUKYAN,NSW,,22977,75,TARRAYOUKYAN|VIC
44618,TARRENLEA,NSW,,14696,82,TAREE|NSW
44620,WOOTONG VALE,NSW,,23449,75,WOOTONG VALE|VIC
44622,HARROW,NSW,,11473,80,DARLOW|NSW
44626,CONNEWIRRICOO,NSW,,20744,82,CONNEWIRRICOO|VIC
44628,EDENHOPE,NSW,,11663,80,EDEN|NSW
44630,JALLAKIN,NSW,,12959,82,MALLAN|NSW
44632,KADNOOK,NSW,,12481,83,KANAHOOKA|NSW
44634,LANGKOOP,NSW,,12748,78,LARNOOK|NSW
44636,MEEREEK,NSW,,10366,82,BENEREE|NSW
44638,PATYAH,NSW,,13792,78,PARA|NSW
44640,ULLSWATER,NSW,,14177,77,SALTWATER|NSW
44644,BENAYEO,NSW,,10358,82,BENANEE|NSW
44646,BRINGALBERT,NSW,,10028,80,ALBERT|NSW
44648,HESSE,NSW,,11736,75,ESK|NSW
44654,CRESSY,NSW,,60147,80,CRESSY|TAS
44656,BERRYBANK,NSW,,10398,82,BERRY|NSW
44658,DUVERNEY,NSW,,11599,75,DUNGEREE|NSW
44660,FOXHOW,NSW,,11313,70,COROWA|NSW
44667,DERRINALLUM,NSW,,20896,80,DERRINALLUM|VIC
44671,VITE VITE,NSW,,23179,77,VITE VITE|VIC
44673,VITE VITE NORTH,NSW,,23180,84,VITE VITE NORTH|VIC
44675,TEESDALE,NSW,,15283,83,WESTDALE|NSW
44681,SHELFORD,NSW,,14157,77,RUTHERFORD|NSW
44685,BANNOCKBURN,NSW,,30185,80,BANNOCKBURN|QLD
44687,GHERINGHAP,NSW,,21177,79,GHERINGHAP|VIC
44691,RUSSELLS BRIDGE,NSW,,22667,79,RUSSELLS BRIDGE|VIC
44695,STEIGLITZ,NSW,,33280,77,STEIGLITZ|QLD
44697,SUTHERLANDS CREEK,NSW,,14134,82,ROWLANDS CREEK|NSW
44701,BAMGANIE,NSW,,10196,80,BALGOWNIE|NSW
44707,CARGERIE,NSW,,10915,82,CADGEE|NSW
44709,ELAINE,NSW,,11712,82,ENGADINE|NSW
44711,MORRISONS,NSW,,13282,80,MORISSET|NSW
44715,BONNIE BROOK,NSW,,20345,81,BONNIE BROOK|VIC
44717,GRANGEFIELDS,NSW,,10672,83,BRAEFIELD|NSW
44719,ROCKBANK,NSW,,14100,83,ROSEBANK|NSW
44721,THORNHILL PARK,NSW,,15292,83,WETHERILL PARK|NSW
44723,AINTREE,NSW,,11818,82,FIGTREE|NSW
44725,DEANSIDE,NSW,,10152,83,AVONSIDE|NSW
44727,FRASER RISE,NSW,,11867,73,FRAZER PARK|NSW
44729,HARKNESS,NSW,,12250,77,HAWKS NEST|NSW
44731,KURUNJANG,NSW,,12189,83,GURNANG|NSW
44735,MELTON WEST,NSW,,15267,80,WEST HOXTON|NSW
44737,TOOLERN VALE,NSW,,13751,80,OXLEY VALE|NSW
44740,COBBLEBANK,NSW,,20702,79,COBBLEBANK|VIC
44744,EYNESBURY,NSW,,21068,77,EYNESBURY|VIC
44748,STRATHTULLOH,NSW,,22879,75,STRATHTULLOH|VIC
44750,WEIR VIEWS,NSW,,23307,79,WEIR VIEWS|VIC
44752,BACCHUS MARSH,NSW,,20110,82,BACCHUS MARSH|VIC
44758,COIMADAI,NSW,,11205,82,COMARA|NSW
44767,MADDINGLEY,NSW,,12446,79,JIMARINGLE|NSW
44769,MERRIMU,NSW,,13102,83,MERIMBULA|NSW
44778,KOROBEIT,NSW,,12626,76,KLORI|NSW
44780,MYRNIONG,NSW,,11624,78,DYRRING|NSW
44786,BEREMBOKE,NSW,,10351,83,BEMBOKA|NSW
44790,BUNDING,NSW,,10661,82,BOWNING|NSW
44794,DURDIDWARRAH,NSW,,20975,81,DURDIDWARRAH|VIC
44796,FISKVILLE,NSW,,12823,81,LIONSVILLE|NSW
44800,MOUNT WALLACE,NSW,,22188,82,MOUNT WALLACE|VIC
44805,BAKERY HILL,NSW,,10474,83,BLACK HILL|NSW
44813,BALLARAT NORTH,NSW,,20133,83,BALLARAT NORTH|VIC
44823,GOLDEN POINT,NSW,,12105,84,GREEN POINT|NSW
44825,INVERMAY PARK,NSW,,10682,80,BRAY PARK|NSW
44827,LAKE WENDOUREE,NSW,,21736,83,LAKE WENDOUREE|VIC
44829,LUCAS,NSW,,10770,78,BUCCA|NSW
44841,SOLDIERS HILL,NSW,,14261,82,SHOOTERS HILL|NSW
44843,SOVEREIGN HILL,NSW,,14232,79,SEVEN HILLS|NSW
44847,BO PEEP,NSW,,13829,74,PEEL|NSW
44849,CAPE CLEAR,NSW,,20565,79,CAPE CLEAR|VIC
44853,CHEPSTOWE,NSW,,11086,79,CHARLESTOWN|NSW
44855,HADDON,NSW,,10215,80,BANDON|NSW
44862,LAKE BOLAC,NSW,,12707,80,LAKE CONJOLA|NSW
44864,MININERA,NSW,,10447,78,BINDERA|NSW
44866,MORTCHUP,NSW,,13287,78,MORPETH|NSW
44870,NERRIN NERRIN,NSW,,22304,82,NERRIN NERRIN|VIC
44872,NINTINGBOOL,NSW,,22338,80,NINTINGBOOL|VIC
44874,PIGGOREET,NSW,,13867,77,PIGGABEEN|NSW
44878,ROKEWOOD JUNCTION,NSW,,22637,81,ROKEWOOD JUNCTION|VIC
44882,SCARSDALE,NSW,,14107,80,ROSEDALE|NSW
44886,SMYTHESDALE,NSW,,14107,74,ROSEDALE|NSW
44892,STAFFORDSHIRE REEF,NSW,,22840,82,STAFFORDSHIRE REEF|VIC
44896,WALLINDUC,NSW,,15116,80,WALLSEND|NSW
44898,WESTMERE,NSW,,15287,83,WESTMEAD|NSW
44904,BARKSTEAD,NSW,,10099,80,ARKSTONE|NSW
44906,BLOWHARD,NSW,,10323,78,BELFORD|NSW
44911,BREWSTER,NSW,,12703,83,LAKE BREWSTER|NSW
44917,BUNKERS HILL,NSW,,10764,81,BRUNKERVILLE|NSW
44919,BURRUMBEET,NSW,,20511,79,BURRUMBEET|VIC
44921,CAMBRIAN HILL,NSW,,20547,82,CAMBRIAN HILL|VIC
44927,CHAPEL FLAT,NSW,,20634,80,CHAPEL FLAT|VIC
44935,CORINDHAP,NSW,,10999,83,CARINDA|NSW
44939,DEREEL,NSW,,11599,82,DUNGEREE|NSW
44941,DUNNSTOWN,NSW,,11601,80,DUNGOWAN|NSW
44943,DURHAM LEAD,NSW,,20976,80,DURHAM LEAD|VIC
44946,ERCILDOUNE,NSW,,21049,79,ERCILDOUNE|VIC
44948,GARIBALDI,NSW,,21151,77,GARIBALDI|VIC
44958,INVERMAY,NSW,,60306,83,INVERMAY|TAS
44962,LAMPLOUGH,NSW,,21743,77,LAMPLOUGH|VIC
44964,LANGI KAL KAL,NSW,,21752,82,LANGI KAL KAL|VIC
44972,MAGPIE,NSW,,10054,80,ALPINE|NSW
44976,MINERS REST,NSW,,14376,77,ST IVES|NSW
44978,MITCHELL PARK,NSW,,13197,83,MITCHELL|NSW
44980,MOLLONGGHIP,NSW,,13220,80,MOLONG|NSW
44984,MOUNT EGERTON,NSW,,22160,82,MOUNT EGERTON|VIC
44986,MOUNT MERCER,NSW,,13318,83,MOUNT DEE|NSW
44991,NAPOLEONS,NSW,,13482,80,NAPOLEON REEF|NSW
44993,NAVIGATORS,NSW,,22288,79,NAVIGATORS|VIC
44995,POOTILLA,NSW,,13870,78,PILLIGA|NSW
44997,SCOTCHMANS LEAD,NSW,,14215,81,SCOTCHMAN|NSW
44999,SCOTSBURN,NSW,,13737,75,OSBORNE|NSW
45001,SPRINGBANK,NSW,,14361,83,SPRINGRANGE|NSW
45003,SULKY,NSW,,15047,78,UROLY|NSW
45007,WARRENHEIP,NSW,,15175,83,WARREN|NSW
45011,WAUBRA,NSW,,15141,84,WAPRA|NSW
45013,WEATHERBOARD,NSW,,23298,81,WEATHERBOARD|VIC
45015,WERNETH,NSW,,13697,76,OBERNE|NSW
45018,YENDON,NSW,,15568,84,YENDA|NSW
45020,BALLARAT MC,NSW,,20132,80,BALLARAT MC|VIC
45022,LAKE GARDENS,NSW,,21721,81,LAKE GARDENS|VIC
45024,WENDOUREE,NSW,,15242,80,WENDOREE PARK|NSW
45032,BUNINYONG,NSW,,10445,80,BINALONG|NSW
45034,SCOTSMANS LEAD,NSW,,14220,79,SCOTTS HEAD|NSW
45038,WINTER VALLEY,NSW,,15348,80,WILSONS VALLEY|NSW
45042,MANNIBADAR,NSW,,21902,79,MANNIBADAR|VIC
45046,WILLOWVALE,NSW,,15328,80,WILLALA|NSW
45048,BRADVALE,NSW,,10201,83,BALLDALE|NSW
45052,SKIPTON,NSW,,14410,78,STOCKTON|NSW
45054,CRESWICK,NSW,,11116,83,CHISWICK|NSW
45056,CRESWICK NORTH,NSW,,20803,83,CRESWICK NORTH|VIC
45060,LANGDONS HILL,NSW,,21751,82,LANGDONS HILL|VIC
45062,MOUNT BECKWORTH,NSW,,22139,84,MOUNT BECKWORTH|VIC
45064,TOURELLO,NSW,,14953,83,TURRELLA|NSW
45071,BLAMPIED,NSW,,10964,78,CAMPSIE|NSW
45075,CABBAGE TREE,NSW,,10910,82,CABBAGE TREE ISLAND|NSW
45088,KOOROOCHEANG,NSW,,21666,81,KOOROOCHEANG|VIC
45091,MOUNT PROSPECT,NSW,,13939,80,PROSPECT|NSW
45095,NEWLYN NORTH,NSW,,13606,84,NORTH MANLY|NSW
45101,SMOKEY TOWN,NSW,,14298,74,SOMERTON|NSW
45103,SMOKEYTOWN,NSW,,14298,77,SOMERTON|NSW
45105,SPRINGMOUNT,NSW,,13961,77,PYRMONT|NSW
45114,GLENGOWER,NSW,,11983,83,GLENCOE|NSW
45116,MOUNT CAMERON,NSW,,22148,82,MOUNT CAMERON|VIC
45118,AMHERST,NSW,,10287,78,BATHURST|NSW
45120,BURNBANK,NSW,,10847,82,BUNNAN|NSW
45122,CARALULUP,NSW,,20574,77,CARALULUP|VIC
45124,DUNACH,NSW,,11612,82,DURANBAH|NSW
45126,EVANSFORD,NSW,,10120,83,ASHFORD|NSW
45128,LILLICUR,NSW,,12571,75,KILLCARE|NSW
45130,MOUNT GLASGOW,NSW,,22165,82,MOUNT GLASGOW|VIC
45132,RED LION,NSW,,12872,80,LONG REEF|NSW
45135,TALBOT,NSW,,14702,84,TARLO|NSW
45139,CHUTE,NSW,,12359,80,HUNTLEY|NSW
45143,LAKE GOLDSMITH,NSW,,21722,83,LAKE GOLDSMITH|VIC
45147,MAIN LEAD,NSW,,12133,81,GRETA MAIN|NSW
45157,STOCKYARD HILL,NSW,,13734,80,ORCHARD HILLS|NSW
45161,TRAWALLA,NSW,,15036,82,URALLA|NSW
45164,GREAT WESTERN,NSW,,21307,82,GREAT WESTERN|VIC
45168,BAYINDEEN,NSW,,10826,80,BUNDEENA|NSW
45172,MIDDLE CREEK,NSW,,13136,84,MIDDLE COVE|NSW
45174,AMPHITHEATRE,NSW,,20046,81,AMPHITHEATRE|VIC
45178,ARARAT EAST,NSW,,20063,80,ARARAT EAST|VIC
45180,ARMSTRONG,NSW,,10099,80,ARKSTONE|NSW
45190,DENICULL CREEK,NSW,,20886,83,DENICULL CREEK|VIC
45192,DOBIE,NSW,,11618,80,DUSODIE|NSW
45194,DUNNEWORTHY,NSW,,20971,80,DUNNEWORTHY|VIC
45196,EVERSLEY,NSW,,12508,83,KEARSLEY|NSW
45198,JALLUKUR,NSW,,21503,75,JALLUKUR|VIC
45200,LANGI LOGAN,NSW,,12698,80,LAGGAN|NSW
45208,MOUNT LONARCH,NSW,,22170,82,MOUNT LONARCH|VIC
45212,NORVAL,NSW,,13649,84,NOWRA|NSW
45214,RHYMNEY,NSW,,14630,76,SYDNEY|NSW
45217,ROSSBRIDGE,NSW,,14390,79,STANBRIDGE|NSW
45225,YALLA-Y-POORA,NSW,,23479,76,YALLA-Y-POORA|VIC
45231,MAFEKING,NSW,,12997,78,MARENGO|NSW
45233,STAVELY,NSW,,14240,82,SHALVEY|NSW
45237,WICKLIFFE,NSW,,15156,79,WARNECLIFFE|NSW
45241,WILLAURA NORTH,NSW,,23358,83,WILLAURA NORTH|VIC
45243,BELLELLEN,NSW,,11394,80,CULLEN BULLEN|NSW
45245,BRIDGE INN,NSW,,13438,84,MURRIN BRIDGE|NSW
45247,MOKEPILLY,NSW,,22070,77,MOKEPILLY|VIC
45251,STAWELL WEST,NSW,,14699,80,TAREE WEST|NSW
45253,WINJALLOK,NSW,,15369,80,WINGELLO|NSW
45255,BARKLY,NSW,,10025,84,AIRLY|NSW
45260,CALLAWADDA,NSW,,10047,80,ALLAWAH|NSW
45264,CONCONGELLA,NSW,,20737,80,CONCONGELLA|VIC
45266,DEEP LEAD,NSW,,20872,77,DEEP LEAD|VIC
45270,GERMANIA,NSW,,12081,82,GRAMAN|NSW
45278,JOEL JOEL,NSW,,21528,77,JOEL JOEL|VIC
45280,JOEL SOUTH,NSW,,11303,83,COREE SOUTH|NSW
45282,KANYA,NSW,,12471,84,KADINA|NSW
45284,LAKE FYANS,NSW,,12710,79,LAKE HAVEN|NSW
45286,LAKE LONSDALE,NSW,,12740,83,LANSDALE|NSW
45288,LUBECK,NSW,,12916,82,LUE|NSW
45290,MORRL MORRL,NSW,,22127,80,MORRL MORRL|VIC
45297,ROSTRON,NSW,,14122,84,ROTO|NSW
45303,WALLALOO EAST,NSW,,23207,82,WALLALOO EAST|VIC
45307,LANDSBOROUGH,NSW,,11690,81,ELLENBOROUGH|NSW
45311,NAVARRE,NSW,,13470,78,NACURRIE|NSW
45313,TULKARA,NSW,,14688,84,TARA|NSW
45315,WATTLE CREEK,NSW,,15494,84,WYLIE CREEK|NSW
45321,LEDCOURT,NSW,,12783,77,LETCHWORTH|NSW
45323,RIACHELLA,NSW,,15557,80,YATHELLA|NSW
45329,MARNOO WEST,NSW,,21919,80,MARNOO WEST|VIC
45331,BANYENA,NSW,,10232,82,BANNABY|NSW
45333,RUPANYUP,NSW,,13790,70,PANUARA|NSW
45337,MURTOA,NSW,,13423,84,MURGA|NSW
45339,BRIM,NSW,,10396,84,BERRIMA|NSW
45341,BOOLITE,NSW,,10535,82,BOCOBLE|NSW
45343,MINYIP,NSW,,13181,84,MINMI|NSW
45347,AILSA,NSW,,13146,82,MILA|NSW
45349,ANGIP,NSW,,10971,84,CANGAI|NSW
45351,AUBREY,NSW,,10031,80,ALBURY|NSW
45355,CANNUM,NSW,,12987,80,MANNUS|NSW
45359,KELLALAC,NSW,,10331,78,BELLATA|NSW
45361,LAH,NSW,,11249,82,COOLAH|NSW
45363,WARRACKNABEAL,NSW,,23253,82,WARRACKNABEAL|VIC
45365,WILKUR,NSW,,15345,82,WILLURAH|NSW
45367,WILLENABRINA,NSW,,15336,81,WILLINA|NSW
45369,BEULAH,NSW,,10797,84,BULGA|NSW
45373,REEDY DAM,NSW,,14015,72,RED HEAD|NSW
45378,HOPEVALE,NSW,,50746,77,HOPE VALLEY|WA
45380,YARTO,NSW,,15550,84,YARROW|NSW
45382,JUNG,NSW,,12466,84,JUGIONG|NSW
45384,LONGERENONG,NSW,,11695,80,ELONG ELONG|NSW
