rowid,suburb_name,state,postcode,ssc,norm_key,ssc_match,confidence
29202,MELBOURNE,NSW,,,MELBOURNE|NSW,,82
29204,EAST MELBOURNE,NSW,,,EAST MELBOURNE|NSW,,83
29206,WEST MELBOURNE,NSW,,,WEST MELBOURNE|NSW,,83
29208,ST KILDA ROAD CENTRAL,NSW,,,ST KILDA ROAD CENTRAL|NSW,,84
29212,WORLD TRADE CENTRE,NSW,,,WORLD TRADE CENTRE|NSW,,82
29214,SOUTH WHARF,NSW,,,SOUTH WHARF|NSW,,80
29216,SOUTHBANK,NSW,,,SOUTHBANK|NSW,,79
29218,DOCKLANDS,NSW,,,DOCKLANDS|NSW,,81
29222,FOOTSCRAY,NSW,,,FOOTSCRAY|NSW,,77
29224,SEDDON,NSW,,,SEDDON|NSW,,84
29226,SEDDON WEST,NSW,,,SEDDON WEST|NSW,,75
29231,KINGSVILLE WEST,NSW,,,KINGSVILLE WEST|NSW,,84
29237,WEST FOOTSCRAY,NSW,,,WEST FOOTSCRAY|NSW,,83
29241,YARRAVILLE WEST,NSW,,,YARRAVILLE WEST|NSW,,84
29244,SOUTH KINGSVILLE,NSW,,,SOUTH KINGSVILLE|NSW,,82
29246,SPOTSWOOD,NSW,,,SPOTSWOOD|NSW,,80
29254,SEAHOLME,NSW,,,SEAHOLME|NSW,,83
29258,BRAYBROOK NORTH,NSW,,,BRAYBROOK NORTH|NSW,,84
29260,ROBINSON,NSW,,,ROBINSON|NSW,,80
29264,GLENGALA,NSW,,,GLENGALA|NSW,,83
29267,SUNSHINE NORTH,NSW,,,SUNSHINE NORTH|NSW,,80
29269,SUNSHINE WEST,NSW,,,SUNSHINE WEST|NSW,,83
29278,ARDEER,NSW,,,ARDEER|NSW,,82
29280,DEER PARK EAST,NSW,,,DEER PARK EAST|NSW,,78
29286,CAIRNLEA,NSW,,,CAIRNLEA|NSW,,82
29288,CAROLINE SPRINGS,NSW,,,CAROLINE SPRINGS|NSW,,80
29292,DEER PARK NORTH,NSW,,,DEER PARK NORTH|NSW,,80
29294,RAVENHALL,NSW,,,RAVENHALL|NSW,,81
29296,FIELDSTONE,NSW,,,FIELDSTONE|NSW,,81
29298,MAMBOURIN,NSW,,,MAMBOURIN|NSW,,78
29300,MANOR LAKES,NSW,,,MANOR LAKES|NSW,,81
29302,MOUNT COTTRELL,NSW,,,MOUNT COTTRELL|NSW,,83
29304,WYNDHAM VALE,NSW,,,WYNDHAM VALE|NSW,,81
29306,ALTONA EAST,NSW,,,ALTONA EAST|NSW,,84
29308,ALTONA GATE,NSW,,,ALTONA GATE|NSW,,80
29312,DERRIMUT,NSW,,,DERRIMUT|NSW,,78
29316,LAVERTON RAAF,NSW,,,LAVERTON RAAF|NSW,,79
29322,ALTONA MEADOWS,NSW,,,ALTONA MEADOWS|NSW,,83
29330,TARNEIT,NSW,,,TARNEIT|NSW,,80
29332,TRUGANINA,NSW,,,TRUGANINA|NSW,,78
29336,COCOROC,NSW,,,COCOROC|NSW,,82
29344,WERRIBEE SOUTH,NSW,,,WERRIBEE SOUTH|NSW,,79
29349,ASCOT VALE,NSW,,,ASCOT VALE|NSW,,81
29351,HIGHPOINT CITY,NSW,,,HIGHPOINT CITY|NSW,,83
29353,MARIBYRNONG,NSW,,,MARIBYRNONG|NSW,,81
29355,TRAVANCORE,NSW,,,TRAVANCORE|NSW,,77
29357,KEILOR EAST,NSW,,,KEILOR EAST|NSW,,84
29361,KEILOR,NSW,,,KEILOR|NSW,,84
29363,KEILOR NORTH,NSW,,,KEILOR NORTH|NSW,,81
29367,DELAHEY,NSW,,,DELAHEY|NSW,,78
29373,TAYLORS HILL,NSW,,,TAYLORS HILL|NSW,,81
29375,KEILOR DOWNS,NSW,,,KEILOR DOWNS|NSW,,81
29377,KEILOR LODGE,NSW,,,KEILOR LODGE|NSW,,81
29381,WATERGARDENS,NSW,,,WATERGARDENS|NSW,,81
29383,MOONEE PONDS,NSW,,,MOONEE PONDS|NSW,,77
29387,ESSENDON,NSW,,,ESSENDON|NSW,,80
29389,ESSENDON WEST,NSW,,,ESSENDON WEST|NSW,,82
29391,CROSS KEYS,NSW,,,CROSS KEYS|NSW,,83
29393,ESSENDON FIELDS,NSW,,,ESSENDON FIELDS|NSW,,84
29395,ESSENDON NORTH,NSW,,,ESSENDON NORTH|NSW,,83
29399,STRATHMORE HEIGHTS,NSW,,,STRATHMORE HEIGHTS|NSW,,82
29401,AIRPORT WEST,NSW,,,AIRPORT WEST|NSW,,81
29403,KEILOR PARK,NSW,,,KEILOR PARK|NSW,,83
29405,NIDDRIE,NSW,,,NIDDRIE|NSW,,74
29407,NIDDRIE NORTH,NSW,,,NIDDRIE NORTH|NSW,,82
29411,GOWANBRAE,NSW,,,GOWANBRAE|NSW,,82
29415,PASCOE VALE,NSW,,,PASCOE VALE|NSW,,76
29417,PASCOE VALE SOUTH,NSW,,,PASCOE VALE SOUTH|NSW,,81
29429,JACANA,NSW,,,JACANA|NSW,,80
29433,MEADOW HEIGHTS,NSW,,,MEADOW HEIGHTS|NSW,,83
29441,HOTHAM HILL,NSW,,,HOTHAM HILL|NSW,,83
29445,MELBOURNE UNIVERSITY,NSW,,,MELBOURNE UNIVERSITY|NSW,,83
29453,PRINCES HILL,NSW,,,PRINCES HILL|NSW,,84
29455,BRUNSWICK SOUTH,NSW,,,BRUNSWICK SOUTH|NSW,,79
29457,BRUNSWICK WEST,NSW,,,BRUNSWICK WEST|NSW,,83
29461,MORELAND WEST,NSW,,,MORELAND WEST|NSW,,83
29465,BRUNSWICK LOWER,NSW,,,BRUNSWICK LOWER|NSW,,84
29467,BRUNSWICK NORTH,NSW,,,BRUNSWICK NORTH|NSW,,84
29471,LYGON STREET NORTH,NSW,,,LYGON STREET NORTH|NSW,,82
29473,SUMNER,NSW,,,SUMNER|NSW,,80
29479,COBURG NORTH,NSW,,,COBURG NORTH|NSW,,82
29481,MERLYNSTON,NSW,,,MERLYNSTON|NSW,,80
29487,FAWKNER,NSW,,,FAWKNER|NSW,,78
29489,FAWKNER EAST,NSW,,,FAWKNER EAST|NSW,,81
29491,FAWKNER NORTH,NSW,,,FAWKNER NORTH|NSW,,82
29493,CAMPBELLFIELD,NSW,,,CAMPBELLFIELD|NSW,,83
29496,OAKLANDS JUNCTION,NSW,,,OAKLANDS JUNCTION|NSW,,81
29498,YUROKE,NSW,,,YUROKE|NSW,,76
29504,KALKALLO,NSW,,,KALKALLO|NSW,,75
29506,MICKLEHAM,NSW,,,MICKLEHAM|NSW,,77
29508,ROXBURGH PARK,NSW,,,ROXBURGH PARK|NSW,,76
29517,CLIFTON HILL,NSW,,,CLIFTON HILL|NSW,,81
29519,FITZROY NORTH,NSW,,,FITZROY NORTH|NSW,,82
29521,NORTHCOTE,NSW,,,NORTHCOTE|NSW,,81
29523,NORTHCOTE SOUTH,NSW,,,NORTHCOTE SOUTH|NSW,,79
29525,THORNBURY,NSW,,,THORNBURY|NSW,,80
29533,PRESTON LOWER,NSW,,,PRESTON LOWER|NSW,,80
29535,PRESTON SOUTH,NSW,,,PRESTON SOUTH|NSW,,83
29539,REGENT WEST,NSW,,,REGENT WEST|NSW,,83
29541,SYLVESTER,NSW,,,SYLVESTER|NSW,,79
29545,RESERVOIR,NSW,,,RESERVOIR|NSW,,72
29547,RESERVOIR EAST,NSW,,,RESERVOIR EAST|NSW,,78
29549,RESERVOIR NORTH,NSW,,,RESERVOIR NORTH|NSW,,79
29551,RESERVOIR SOUTH,NSW,,,RESERVOIR SOUTH|NSW,,79
29553,THOMASTOWN,NSW,,,THOMASTOWN|NSW,,77
29555,LALOR,NSW,,,LALOR|NSW,,84
29557,LALOR PLAZA,NSW,,,LALOR PLAZA|NSW,,83
29567,IVANHOE EAST,NSW,,,IVANHOE EAST|NSW,,81
29569,IVANHOE NORTH,NSW,,,IVANHOE NORTH|NSW,,82
29575,HEIDELBERG RGH,NSW,,,HEIDELBERG RGH|NSW,,78
29577,HEIDELBERG WEST,NSW,,,HEIDELBERG WEST|NSW,,84
29583,KINGSBURY,NSW,,,KINGSBURY|NSW,,77
29585,LA TROBE UNIVERSITY,NSW,,,LA TROBE UNIVERSITY|NSW,,83
29587,BANYULE,NSW,,,BANYULE|NSW,,80
29591,HEIDELBERG,NSW,,,HEIDELBERG|NSW,,79
29593,ROSANNA,NSW,,,ROSANNA|NSW,,80
29595,VIEWBANK,NSW,,,VIEWBANK|NSW,,78
29599,MACLEOD WEST,NSW,,,MACLEOD WEST|NSW,,81
29602,WATSONIA,NSW,,,WATSONIA|NSW,,82
29604,WATSONIA NORTH,NSW,,,WATSONIA NORTH|NSW,,83
29615,PLENTY,NSW,,,PLENTY|NSW,,76
29619,LOWER PLENTY,NSW,,,LOWER PLENTY|NSW,,76
29621,MONTMORENCY,NSW,,,MONTMORENCY|NSW,,81
29624,ELTHAM NORTH,NSW,,,ELTHAM NORTH|NSW,,83
29626,RESEARCH,NSW,,,RESEARCH|NSW,,78
29628,WATTLE GLEN,NSW,,,WATTLE GLEN|NSW,,84
29630,BEND OF ISLANDS,NSW,,,BEND OF ISLANDS|NSW,,79
29632,KANGAROO GROUND,NSW,,,KANGAROO GROUND|NSW,,84
29637,COTTLES BRIDGE,NSW,,,COTTLES BRIDGE|NSW,,83
29639,HURSTBRIDGE,NSW,,,HURSTBRIDGE|NSW,,80
29641,NUTFIELD,NSW,,,NUTFIELD|NSW,,81
29648,KEW EAST,NSW,,,KEW EAST|NSW,,80
29650,BALWYN,NSW,,,BALWYN|NSW,,82
29652,BALWYN EAST,NSW,,,BALWYN EAST|NSW,,84
29656,DEEPDENE DC,NSW,,,DEEPDENE DC|NSW,,80
29658,STRADBROKE PARK,NSW,,,STRADBROKE PARK|NSW,,79
29660,BALWYN NORTH,NSW,,,BALWYN NORTH|NSW,,84
29662,GREYTHORN,NSW,,,GREYTHORN|NSW,,81
29666,BULLEEN SOUTH,NSW,,,BULLEEN SOUTH|NSW,,82
29668,TEMPLESTOWE,NSW,,,TEMPLESTOWE|NSW,,75
29670,TEMPLESTOWE LOWER,NSW,,,TEMPLESTOWE LOWER|NSW,,81
29672,DONCASTER,NSW,,,DONCASTER|NSW,,77
29674,DONCASTER EAST,NSW,,,DONCASTER EAST|NSW,,83
29680,TUNSTALL SQUARE PO,NSW,,,TUNSTALL SQUARE PO|NSW,,82
29682,DONVALE,NSW,,,DONVALE|NSW,,82
29686,WARRANDYTE,NSW,,,WARRANDYTE|NSW,,79
29688,PARK ORCHARDS,NSW,,,PARK ORCHARDS|NSW,,80
29692,CHIRNSIDE PARK,NSW,,,CHIRNSIDE PARK|NSW,,78
29701,RICHMOND EAST,NSW,,,RICHMOND EAST|NSW,,83
29705,RICHMOND SOUTH,NSW,,,RICHMOND SOUTH|NSW,,80
29710,GLENFERRIE SOUTH,NSW,,,GLENFERRIE SOUTH|NSW,,81
29714,HAWTHORN NORTH,NSW,,,HAWTHORN NORTH|NSW,,83
29716,HAWTHORN WEST,NSW,,,HAWTHORN WEST|NSW,,82
29719,HAWTHORN EAST,NSW,,,HAWTHORN EAST|NSW,,82
29724,CAMBERWELL SOUTH,NSW,,,CAMBERWELL SOUTH|NSW,,82
29732,BENNETTSWOOD,NSW,,,BENNETTSWOOD|NSW,,81
29735,SURREY HILLS SOUTH,NSW,,,SURREY HILLS SOUTH|NSW,,82
29740,MONT ALBERT,NSW,,,MONT ALBERT|NSW,,80
29744,SURREY HILLS NORTH,NSW,,,SURREY HILLS NORTH|NSW,,82
29754,WATTLE PARK,NSW,,,WATTLE PARK|NSW,,83
29758,KERRIMUIR,NSW,,,KERRIMUIR|NSW,,81
29764,BLACKBURN NORTH,NSW,,,BLACKBURN NORTH|NSW,,84
29768,LABURNUM,NSW,,,LABURNUM|NSW,,82
29770,BRENTFORD SQUARE,NSW,,,BRENTFORD SQUARE|NSW,,80
29774,NUNAWADING,NSW,,,NUNAWADING|NSW,,74
29778,MITCHAM NORTH,NSW,,,MITCHAM NORTH|NSW,,82
29784,VERMONT SOUTH,NSW,,,VERMONT SOUTH|NSW,,76
29790,RINGWOOD NORTH,NSW,,,RINGWOOD NORTH|NSW,,80
29792,WARRANDYTE SOUTH,NSW,,,WARRANDYTE SOUTH|NSW,,80
29796,BEDFORD ROAD,NSW,,,BEDFORD ROAD|NSW,,77
29800,RINGWOOD EAST,NSW,,,RINGWOOD EAST|NSW,,83
29803,CROYDON HILLS,NSW,,,CROYDON HILLS|NSW,,82
29805,CROYDON NORTH,NSW,,,CROYDON NORTH|NSW,,82
29807,CROYDON SOUTH,NSW,,,CROYDON SOUTH|NSW,,79
29809,KILSYTH,NSW,,,KILSYTH|NSW,,74
29811,KILSYTH SOUTH,NSW,,,KILSYTH SOUTH|NSW,,77
29813,MOOROOLBARK,NSW,,,MOOROOLBARK|NSW,,80
29815,BEENAK,NSW,,,BEENAK|NSW,,82
29821,LAUNCHING PLACE,NSW,,,LAUNCHING PLACE|NSW,,79
29825,SEVILLE EAST,NSW,,,SEVILLE EAST|NSW,,80
29827,WANDIN EAST,NSW,,,WANDIN EAST|NSW,,80
29829,WANDIN NORTH,NSW,,,WANDIN NORTH|NSW,,81
29831,WOORI YALLOCK,NSW,,,WOORI YALLOCK|NSW,,82
29833,YELLINGBO,NSW,,,YELLINGBO|NSW,,82
29836,CHAPEL STREET NORTH,NSW,,,CHAPEL STREET NORTH|NSW,,83
29838,DOMAIN ROAD PO,NSW,,,DOMAIN ROAD PO|NSW,,78
29840,SOUTH YARRA,NSW,,,SOUTH YARRA|NSW,,80
29842,HAWKSBURN,NSW,,,HAWKSBURN|NSW,,78
29844,TOORAK,NSW,,,TOORAK|NSW,,84
29856,CAULFIELD EAST,NSW,,,CAULFIELD EAST|NSW,,83
29862,DARLING SOUTH,NSW,,,DARLING SOUTH|NSW,,83
29864,MALVERN EAST,NSW,,,MALVERN EAST|NSW,,81
29866,WATTLETREE ROAD PO,NSW,,,WATTLETREE ROAD PO|NSW,,82
29872,ASHBURTON,NSW,,,ASHBURTON|NSW,,83
29880,HOLMESGLEN,NSW,,,HOLMESGLEN|NSW,,83
29884,MOUNT WAVERLEY,NSW,,,MOUNT WAVERLEY|NSW,,83
29890,BRANDON PARK,NSW,,,BRANDON PARK|NSW,,83
29892,GLEN WAVERLEY,NSW,,,GLEN WAVERLEY|NSW,,83
29894,WHEELERS HILL,NSW,,,WHEELERS HILL|NSW,,82
29896,BURWOOD EAST,NSW,,,BURWOOD EAST|NSW,,81
29901,STUDFIELD,NSW,,,STUDFIELD|NSW,,81
29903,WANTIRNA,NSW,,,WANTIRNA|NSW,,78
29905,WANTIRNA SOUTH,NSW,,,WANTIRNA SOUTH|NSW,,78
29909,BAYSWATER NORTH,NSW,,,BAYSWATER NORTH|NSW,,84
29916,LYSTERFIELD,NSW,,,LYSTERFIELD|NSW,,83
29918,LYSTERFIELD SOUTH,NSW,,,LYSTERFIELD SOUTH|NSW,,84
29920,MOUNTAIN GATE,NSW,,,MOUNTAIN GATE|NSW,,82
29922,UPPER FERNTREE GULLY,NSW,,,UPPER FERNTREE GULLY|NSW,,83
29924,UPWEY,NSW,,,UPWEY|NSW,,78
29934,BELGRAVE SOUTH,NSW,,,BELGRAVE SOUTH|NSW,,82
29944,CAULFIELD SOUTH,NSW,,,CAULFIELD SOUTH|NSW,,83
29948,BOORAN ROAD PO,NSW,,,BOORAN ROAD PO|NSW,,78
29950,CARNEGIE,NSW,,,CARNEGIE|NSW,,82
29952,GLEN HUNTLY,NSW,,,GLEN HUNTLY|NSW,,80
29954,MURRUMBEENA,NSW,,,MURRUMBEENA|NSW,,81
29956,DANDENONG SOUTH,NSW,,,DANDENONG SOUTH|NSW,,80
29958,BENTLEIGH EAST,NSW,,,BENTLEIGH EAST|NSW,,83
29960,COATESVILLE,NSW,,,COATESVILLE|NSW,,83
29962,HUGHESDALE,NSW,,,HUGHESDALE|NSW,,79
29968,OAKLEIGH EAST,NSW,,,OAKLEIGH EAST|NSW,,76
29970,OAKLEIGH SOUTH,NSW,,,OAKLEIGH SOUTH|NSW,,78
29974,NOTTING HILL,NSW,,,NOTTING HILL|NSW,,81
29978,CLAYTON SOUTH,NSW,,,CLAYTON SOUTH|NSW,,82
29984,SANDOWN VILLAGE,NSW,,,SANDOWN VILLAGE|NSW,,79
29988,DINGLEY VILLAGE,NSW,,,DINGLEY VILLAGE|NSW,,84
29990,SPRINGVALE SOUTH,NSW,,,SPRINGVALE SOUTH|NSW,,82
29992,KEYSBOROUGH,NSW,,,KEYSBOROUGH|NSW,,80
29996,NOBLE PARK EAST,NSW,,,NOBLE PARK EAST|NSW,,79
29998,NOBLE PARK NORTH,NSW,,,NOBLE PARK NORTH|NSW,,80
30000,BANGHOLME,NSW,,,BANGHOLME|NSW,,82
30004,DANDENONG EAST,NSW,,,DANDENONG EAST|NSW,,83
30006,DANDENONG NORTH,NSW,,,DANDENONG NORTH|NSW,,84
30008,DUNEARN,NSW,,,DUNEARN|NSW,,78
30010,SCORESBY BC,NSW,,,SCORESBY BC|NSW,,74
30012,DOVETON,NSW,,,DOVETON|NSW,,82
30014,EUMEMMERRING,NSW,,,EUMEMMERRING|NSW,,81
30018,SCORESBY,NSW,,,SCORESBY|NSW,,83
30020,KNOXFIELD,NSW,,,KNOXFIELD|NSW,,83
30022,PRAHRAN,NSW,,,PRAHRAN|NSW,,84
30024,PRAHRAN EAST,NSW,,,PRAHRAN EAST|NSW,,77
30030,ST KILDA SOUTH,NSW,,,ST KILDA SOUTH|NSW,,78
30032,ST KILDA WEST,NSW,,,ST KILDA WEST|NSW,,76
30035,ST KILDA EAST,NSW,,,ST KILDA EAST|NSW,,79
30037,BRIGHTON ROAD,NSW,,,BRIGHTON ROAD|NSW,,79
30041,ELSTERNWICK,NSW,,,ELSTERNWICK|NSW,,80
30043,GARDENVALE,NSW,,,GARDENVALE|NSW,,81
30045,RIPPONLEA,NSW,,,RIPPONLEA|NSW,,73
30051,DENDY,NSW,,,DENDY|NSW,,84
30053,WERE STREET PO,NSW,,,WERE STREET PO|NSW,,78
30065,MOORABBIN,NSW,,,MOORABBIN|NSW,,82
30067,MOORABBIN EAST,NSW,,,MOORABBIN EAST|NSW,,83
30071,HIGHETT,NSW,,,HIGHETT|NSW,,73
30079,SOUTHLAND CENTRE,NSW,,,SOUTHLAND CENTRE|NSW,,80
30083,BLACK ROCK,NSW,,,BLACK ROCK|NSW,,81
30085,BLACK ROCK NORTH,NSW,,,BLACK ROCK NORTH|NSW,,80
30090,MENTONE EAST,NSW,,,MENTONE EAST|NSW,,81
30094,ASPENDALE,NSW,,,ASPENDALE|NSW,,80
30098,BRAESIDE,NSW,,,BRAESIDE|NSW,,82
30100,MORDIALLOC,NSW,,,MORDIALLOC|NSW,,79
30106,WATERWAYS,NSW,,,WATERWAYS|NSW,,77
30108,BONBEACH,NSW,,,BONBEACH|NSW,,83
30110,CHELSEA,NSW,,,CHELSEA|NSW,,80
30112,CHELSEA HEIGHTS,NSW,,,CHELSEA HEIGHTS|NSW,,84
30114,EDITHVALE,NSW,,,EDITHVALE|NSW,,82
30116,CARRUM,NSW,,,CARRUM|NSW,,82
30118,PATTERSON LAKES,NSW,,,PATTERSON LAKES|NSW,,79
30126,FRANKSTON EAST,NSW,,,FRANKSTON EAST|NSW,,83
30130,FRANKSTON SOUTH,NSW,,,FRANKSTON SOUTH|NSW,,83
30134,KARINGAL CENTRE,NSW,,,KARINGAL CENTRE|NSW,,84
30138,PINES FOREST,NSW,,,PINES FOREST|NSW,,81
30140,CARRUM DOWNS,NSW,,,CARRUM DOWNS|NSW,,81
30142,HEATHERTON,NSW,,,HEATHERTON|NSW,,80
30146,MCKINNON,NSW,,,MCKINNON|NSW,,76
30148,ORMOND,NSW,,,ORMOND|NSW,,82
30152,SOUTH MELBOURNE,NSW,,,SOUTH MELBOURNE|NSW,,80
30154,SOUTH MELBOURNE DC,NSW,,,SOUTH MELBOURNE DC|NSW,,82
30156,ALBERT PARK,NSW,,,ALBERT PARK|NSW,,83
30158,MIDDLE PARK,NSW,,,MIDDLE PARK|NSW,,81
30160,GARDEN CITY,NSW,,,GARDEN CITY|NSW,,80
30162,PORT MELBOURNE,NSW,,,PORT MELBOURNE|NSW,,78
30169,POINT WILSON,NSW,,,POINT WILSON|NSW,,79
30171,ANAKIE,NSW,,,ANAKIE|NSW,,80
30173,BATESFORD,NSW,,,BATESFORD|NSW,,83
30175,LOVELY BANKS,NSW,,,LOVELY BANKS|NSW,,81
30177,MOORABOOL,NSW,,,MOORABOOL|NSW,,83
30179,CORIO,NSW,,,CORIO|NSW,,84
30181,NORLANE,NSW,,,NORLANE|NSW,,82
30186,BELL POST HILL,NSW,,,BELL POST HILL|NSW,,78
30188,DRUMCONDRA,NSW,,,DRUMCONDRA|NSW,,79
30190,GEELONG NORTH,NSW,,,GEELONG NORTH|NSW,,82
30192,HAMLYN HEIGHTS,NSW,,,HAMLYN HEIGHTS|NSW,,83
30194,NORTH GEELONG,NSW,,,NORTH GEELONG|NSW,,82
30196,RIPPLESIDE,NSW,,,RIPPLESIDE|NSW,,81
30203,GROVEDALE EAST,NSW,,,GROVEDALE EAST|NSW,,83
30211,WANDANA HEIGHTS,NSW,,,WANDANA HEIGHTS|NSW,,84
30213,WAURN PONDS,NSW,,,WAURN PONDS|NSW,,79
30215,ARMSTRONG CREEK,NSW,,,ARMSTRONG CREEK|NSW,,84
30219,DEAKIN UNIVERSITY,NSW,,,DEAKIN UNIVERSITY|NSW,,81
30221,FYANSFORD,NSW,,,FYANSFORD|NSW,,83
30223,GEELONG WEST,NSW,,,GEELONG WEST|NSW,,82
30229,MURGHEBOLUC,NSW,,,MURGHEBOLUC|NSW,,80
30235,EAST GEELONG,NSW,,,EAST GEELONG|NSW,,81
30237,NEWCOMB,NSW,,,NEWCOMB|NSW,,82
30239,ST ALBANS PARK,NSW,,,ST ALBANS PARK|NSW,,84
30241,THOMSON,NSW,,,THOMSON|NSW,,82
30250,SOUTH GEELONG,NSW,,,SOUTH GEELONG|NSW,,82
30256,CERES,NSW,,,CERES|NSW,,78
30258,GEELONG MC,NSW,,,GEELONG MC|NSW,,79
30260,GNARWARRE,NSW,,,GNARWARRE|NSW,,78
30262,GREY RIVER,NSW,,,GREY RIVER|NSW,,80
30264,KENNETT RIVER,NSW,,,KENNETT RIVER|NSW,,76
30268,SEPARATION CREEK,NSW,,,SEPARATION CREEK|NSW,,83
30270,STAUGHTON VALE,NSW,,,STAUGHTON VALE|NSW,,78
30277,WYE RIVER,NSW,,,WYE RIVER|NSW,,81
30279,CLIFTON SPRINGS,NSW,,,CLIFTON SPRINGS|NSW,,79
30284,MANNERIM,NSW,,,MANNERIM|NSW,,76
30288,INDENTED HEAD,NSW,,,INDENTED HEAD|NSW,,82
30290,PORTARLINGTON,NSW,,,PORTARLINGTON|NSW,,84
30293,LEOPOLD,NSW,,,LEOPOLD|NSW,,78
30295,POINT LONSDALE,NSW,,,POINT LONSDALE|NSW,,82
30301,OCEAN GROVE,NSW,,,OCEAN GROVE|NSW,,84
30303,BARWON HEADS,NSW,,,BARWON HEADS|NSW,,84
30305,BREAMLEA,NSW,,,BREAMLEA|NSW,,82
30307,CONNEWARRE,NSW,,,CONNEWARRE|NSW,,79
30311,BELLS BEACH,NSW,,,BELLS BEACH|NSW,,84
30313,JAN JUC,NSW,,,JAN JUC|NSW,,73
30315,TORQUAY,NSW,,,TORQUAY|NSW,,80
30317,ANGLESEA,NSW,,,ANGLESEA|NSW,,83
30319,AIREYS INLET,NSW,,,AIREYS INLET|NSW,,81
30322,EASTERN VIEW,NSW,,,EASTERN VIEW|NSW,,81
30324,FAIRHAVEN,NSW,,,FAIRHAVEN|NSW,,81
30331,CAPE OTWAY,NSW,,,CAPE OTWAY|NSW,,71
30334,PETTICOAT CREEK,NSW,,,PETTICOAT CREEK|NSW,,79
30338,SKENES CREEK NORTH,NSW,,,SKENES CREEK NORTH|NSW,,82
30340,BENWERRIN,NSW,,,BENWERRIN|NSW,,81
30344,DEANS MARSH,NSW,,,DEANS MARSH|NSW,,80
30346,PENNYROYAL,NSW,,,PENNYROYAL|NSW,,72
30352,AIRE VALLEY,NSW,,,AIRE VALLEY|NSW,,84
30354,BEECH FOREST,NSW,,,BEECH FOREST|NSW,,84
30362,WEEAPROINAH,NSW,,,WEEAPROINAH|NSW,,80
30370,HORDERN VALE,NSW,,,HORDERN VALE|NSW,,83
30372,JOHANNA,NSW,,,JOHANNA|NSW,,82
30374,LAVERS HILL,NSW,,,LAVERS HILL|NSW,,83
30376,CARLISLE RIVER,NSW,,,CARLISLE RIVER|NSW,,82
30378,CHAPPLE VALE,NSW,,,CHAPPLE VALE|NSW,,84
30380,GELLIBRAND,NSW,,,GELLIBRAND|NSW,,83
30382,KENNEDYS CREEK,NSW,,,KENNEDYS CREEK|NSW,,83
30386,GHERANG,NSW,,,GHERANG|NSW,,82
30388,MODEWARRE,NSW,,,MODEWARRE|NSW,,77
30390,MORIAC,NSW,,,MORIAC|NSW,,84
30392,MOUNT MORIAC,NSW,,,MOUNT MORIAC|NSW,,81
30394,PARAPARAP,NSW,,,PARAPARAP|NSW,,78
30398,OMBERSLEY,NSW,,,OMBERSLEY|NSW,,82
30400,WENSLEYDALE,NSW,,,WENSLEYDALE|NSW,,81
30402,WINCHELSEA,NSW,,,WINCHELSEA|NSW,,79
30404,WINCHELSEA SOUTH,NSW,,,WINCHELSEA SOUTH|NSW,,80
30406,WURDIBOLUC,NSW,,,WURDIBOLUC|NSW,,79
30408,BIRREGURRA,NSW,,,BIRREGURRA|NSW,,80
30410,BARWON DOWNS,NSW,,,BARWON DOWNS|NSW,,81
30412,GERANGAMETE,NSW,,,GERANGAMETE|NSW,,80
30414,MURROON,NSW,,,MURROON|NSW,,82
30416,WARNCOORT,NSW,,,WARNCOORT|NSW,,78
30418,WHOOREL,NSW,,,WHOOREL|NSW,,80
30434,DREEITE,NSW,,,DREEITE|NSW,,78
30436,DREEITE SOUTH,NSW,,,DREEITE SOUTH|NSW,,81
30440,IRREWILLIPE,NSW,,,IRREWILLIPE|NSW,,80
30446,LARPENT,NSW,,,LARPENT|NSW,,82
30448,NALANGIL,NSW,,,NALANGIL|NSW,,82
30450,ONDIT,NSW,,,ONDIT|NSW,,78
30452,PIRRON YALLOCK,NSW,,,PIRRON YALLOCK|NSW,,78
30454,POMBORNEIT EAST,NSW,,,POMBORNEIT EAST|NSW,,79
30456,SWAN MARSH,NSW,,,SWAN MARSH|NSW,,77
30458,TANYBRYN,NSW,,,TANYBRYN|NSW,,75
30462,WOOL WOOL,NSW,,,WOOL WOOL|NSW,,81
30466,YEODENE,NSW,,,YEODENE|NSW,,82
30470,COLAC EAST,NSW,,,COLAC EAST|NSW,,83
30472,COLAC WEST,NSW,,,COLAC WEST|NSW,,83
30474,ELLIMINYT,NSW,,,ELLIMINYT|NSW,,77
30476,BEEAC,NSW,,,BEEAC|NSW,,84
30478,CUNDARE,NSW,,,CUNDARE|NSW,,82
30480,CUNDARE NORTH,NSW,,,CUNDARE NORTH|NSW,,83
30482,EURACK,NSW,,,EURACK|NSW,,84
30484,WEERING,NSW,,,WEERING|NSW,,82
30486,COROROOKE,NSW,,,COROROOKE|NSW,,83
30488,BOOKAAR,NSW,,,BOOKAAR|NSW,,83
30490,BOSTOCKS CREEK,NSW,,,BOSTOCKS CREEK|NSW,,83
30495,CARPENDEIT,NSW,,,CARPENDEIT|NSW,,79
30497,CHOCOLYN,NSW,,,CHOCOLYN|NSW,,78
30499,GNOTUK,NSW,,,GNOTUK|NSW,,74
30505,LESLIE MANOR,NSW,,,LESLIE MANOR|NSW,,81
30507,POMBORNEIT,NSW,,,POMBORNEIT|NSW,,80
30509,POMBORNEIT NORTH,NSW,,,POMBORNEIT NORTH|NSW,,80
30511,SKIBO,NSW,,,SKIBO|NSW,,75
30513,SOUTH PURRUMBETE,NSW,,,SOUTH PURRUMBETE|NSW,,80
30515,STONYFORD,NSW,,,STONYFORD|NSW,,78
30517,TANDAROOK,NSW,,,TANDAROOK|NSW,,83
30519,TESBURY,NSW,,,TESBURY|NSW,,78
30521,WEERITE,NSW,,,WEERITE|NSW,,80
30529,DIXIE,NSW,,,DIXIE|NSW,,74
30531,ECKLIN SOUTH,NSW,,,ECKLIN SOUTH|NSW,,79
30535,FRAMLINGHAM,NSW,,,FRAMLINGHAM|NSW,,80
30539,GARVOC,NSW,,,GARVOC|NSW,,84
30541,GLENORMISTON,NSW,,,GLENORMISTON|NSW,,81
30545,GLENORMISTON SOUTH,NSW,,,GLENORMISTON SOUTH|NSW,,82
30551,NOORAT,NSW,,,NOORAT|NSW,,84
30555,PANMURE,NSW,,,PANMURE|NSW,,82
30557,TAROON,NSW,,,TAROON|NSW,,84
30559,THE SISTERS,NSW,,,THE SISTERS|NSW,,76
30561,BULLAHARRE,NSW,,,BULLAHARRE|NSW,,81
30563,COBDEN,NSW,,,COBDEN|NSW,,80
30565,COBRICO,NSW,,,COBRICO|NSW,,82
30567,ELINGAMITE,NSW,,,ELINGAMITE|NSW,,80
30571,GLENFYNE,NSW,,,GLENFYNE|NSW,,80
30573,JANCOURT,NSW,,,JANCOURT|NSW,,75
30575,JANCOURT EAST,NSW,,,JANCOURT EAST|NSW,,82
30577,NAROGHID,NSW,,,NAROGHID|NSW,,75
30582,AYRFORD,NSW,,,AYRFORD|NSW,,82
30584,BRUCKNELL,NSW,,,BRUCKNELL|NSW,,80
30586,COORIEMUNGLE,NSW,,,COORIEMUNGLE|NSW,,81
30590,CURDIE VALE,NSW,,,CURDIE VALE|NSW,,79
30592,CURDIES RIVER,NSW,,,CURDIES RIVER|NSW,,81
30594,CURDIEVALE,NSW,,,CURDIEVALE|NSW,,79
30602,NIRRANDA EAST,NSW,,,NIRRANDA EAST|NSW,,82
30604,NIRRANDA SOUTH,NSW,,,NIRRANDA SOUTH|NSW,,79
30606,NULLAWARRE,NSW,,,NULLAWARRE|NSW,,76
30608,NULLAWARRE EAST,NSW,,,NULLAWARRE EAST|NSW,,79
30610,NULLAWARRE NORTH,NSW,,,NULLAWARRE NORTH|NSW,,80
30612,PAARATTE,NSW,,,PAARATTE|NSW,,80
30616,TIMBOON,NSW,,,TIMBOON|NSW,,82
30618,TIMBOON WEST,NSW,,,TIMBOON WEST|NSW,,75
30620,PORT CAMPBELL,NSW,,,PORT CAMPBELL|NSW,,76
30622,PRINCETOWN,NSW,,,PRINCETOWN|NSW,,83
30626,PETERBOROUGH,NSW,,,PETERBOROUGH|NSW,,79
30629,DUNDONNELL,NSW,,,DUNDONNELL|NSW,,80
30631,PURA PURA,NSW,,,PURA PURA|NSW,,76
30634,WOORNDOO,NSW,,,WOORNDOO|NSW,,80
30637,CARAMUT,NSW,,,CARAMUT|NSW,,82
30645,WOOLSTHORPE,NSW,,,WOOLSTHORPE|NSW,,80
30647,ALLANSFORD,NSW,,,ALLANSFORD|NSW,,81
30649,MEPUNGA,NSW,,,MEPUNGA|NSW,,82
30651,MEPUNGA EAST,NSW,,,MEPUNGA EAST|NSW,,81
30653,MEPUNGA WEST,NSW,,,MEPUNGA WEST|NSW,,81
30655,NARINGAL,NSW,,,NARINGAL|NSW,,83
30657,NARINGAL EAST,NSW,,,NARINGAL EAST|NSW,,82
30659,PURNIM,NSW,,,PURNIM|NSW,,80
30661,PURNIM WEST,NSW,,,PURNIM WEST|NSW,,73
30663,BALLANGEICH,NSW,,,BALLANGEICH|NSW,,80
30665,WANGOOM,NSW,,,WANGOOM|NSW,,82
30679,WINSLOW,NSW,,,WINSLOW|NSW,,82
30684,KOROIT,NSW,,,KOROIT|NSW,,84
30686,CROSSLEY,NSW,,,CROSSLEY|NSW,,81
30690,KIRKSTALL,NSW,,,KIRKSTALL|NSW,,78
30692,SOUTHERN CROSS,NSW,,,SOUTHERN CROSS|NSW,,83
30700,WILLATOOK,NSW,,,WILLATOOK|NSW,,80
30704,YARPTURK,NSW,,,YARPTURK|NSW,,76
30708,PORT FAIRY,NSW,,,PORT FAIRY|NSW,,76
30711,NARRAWONG,NSW,,,NARRAWONG|NSW,,83
30718,TYRENDARRA,NSW,,,TYRENDARRA|NSW,,80
30720,TYRENDARRA EAST,NSW,,,TYRENDARRA EAST|NSW,,79
30722,YAMBUK,NSW,,,YAMBUK|NSW,,84
30724,CONDAH SWAMP,NSW,,,CONDAH SWAMP|NSW,,75
30726,KNEBSWORTH,NSW,,,KNEBSWORTH|NSW,,80
30728,MACARTHUR,NSW,,,MACARTHUR|NSW,,83
30730,RIPPONHURST,NSW,,,RIPPONHURST|NSW,,79
30734,HAWKESDALE,NSW,,,HAWKESDALE|NSW,,81
30736,MINHAMITE,NSW,,,MINHAMITE|NSW,,82
30738,GAZETTE,NSW,,,GAZETTE|NSW,,73
30740,GERRIGERRUP,NSW,,,GERRIGERRUP|NSW,,80
30745,TABOR,NSW,,,TABOR|NSW,,82
30748,GLENTHOMPSON,NSW,,,GLENTHOMPSON|NSW,,81
30752,NARRAPUMELAP SOUTH,NSW,,,NARRAPUMELAP SOUTH|NSW,,82
30758,MIRRANATWA,NSW,,,MIRRANATWA|NSW,,80
30760,MOUTAJUP,NSW,,,MOUTAJUP|NSW,,75
30762,VICTORIA POINT,NSW,,,VICTORIA POINT|NSW,,78
30768,BYADUK NORTH,NSW,,,BYADUK NORTH|NSW,,81
30771,BOCHARA,NSW,,,BOCHARA|NSW,,84
30774,BUCKLEY SWAMP,NSW,,,BUCKLEY SWAMP|NSW,,81
30776,BYADUK,NSW,,,BYADUK|NSW,,76
30782,MORGIANA,NSW,,,MORGIANA|NSW,,80
30784,MOUNT NAPIER,NSW,,,MOUNT NAPIER|NSW,,81
30786,STRATHKELLAR,NSW,,,STRATHKELLAR|NSW,,84
30792,WANNON,NSW,,,WANNON|NSW,,80
30794,WARRAYURE,NSW,,,WARRAYURE|NSW,,80
30796,YATCHAW,NSW,,,YATCHAW|NSW,,78
30798,YULECART,NSW,,,YULECART|NSW,,75
30800,BRANXHOLME,NSW,,,BRANXHOLME|NSW,,81
30802,GRASSDALE,NSW,,,GRASSDALE|NSW,,80
30804,BREAKAWAY CREEK,NSW,,,BREAKAWAY CREEK|NSW,,84
30808,HOTSPUR,NSW,,,HOTSPUR|NSW,,75
30810,LAKE CONDAH,NSW,,,LAKE CONDAH|NSW,,84
30812,WALLACEDALE,NSW,,,WALLACEDALE|NSW,,81
30814,BESSIEBELLE,NSW,,,BESSIEBELLE|NSW,,80
30818,DRIK DRIK,NSW,,,DRIK DRIK|NSW,,77
30820,DRUMBORG,NSW,,,DRUMBORG|NSW,,78
30824,HEYWOOD,NSW,,,HEYWOOD|NSW,,82
30828,LYONS,NSW,,,LYONS|NSW,,82
30832,MUMBANNAR,NSW,,,MUMBANNAR|NSW,,82
30834,MYAMYN,NSW,,,MYAMYN|NSW,,76
30836,WINNAP,NSW,,,WINNAP|NSW,,80
30838,ALLESTREE,NSW,,,ALLESTREE|NSW,,78
30843,CASHMORE,NSW,,,CASHMORE|NSW,,83
30845,DUTTON WAY,NSW,,,DUTTON WAY|NSW,,79
30847,GORAE,NSW,,,GORAE|NSW,,84
30853,MOUNT RICHMOND,NSW,,,MOUNT RICHMOND|NSW,,83
30857,PORTLAND NORTH,NSW,,,PORTLAND NORTH|NSW,,83
30859,PORTLAND WEST,NSW,,,PORTLAND WEST|NSW,,83
30861,DIGBY,NSW,,,DIGBY|NSW,,78
30865,TAHARA WEST,NSW,,,TAHARA WEST|NSW,,83
30870,HEATH FIELD,NSW,,,HEATH FIELD|NSW,,80
30874,BAHGALLAH,NSW,,,BAHGALLAH|NSW,,80
30876,BRIMBOAL,NSW,,,BRIMBOAL|NSW,,83
30878,CARAPOOK,NSW,,,CARAPOOK|NSW,,82
30880,CHETWYND,NSW,,,CHETWYND|NSW,,76
30882,DERGHOLM,NSW,,,DERGHOLM|NSW,,76
30884,DORODONG,NSW,,,DORODONG|NSW,,83
30886,DUNROBIN,NSW,,,DUNROBIN|NSW,,82
30891,LAKE MUNDI,NSW,,,LAKE MUNDI|NSW,,79
30895,MUNTHAM,NSW,,,MUNTHAM|NSW,,82
30897,NANGEELA,NSW,,,NANGEELA|NSW,,83
30899,POOLAIJELO,NSW,,,POOLAIJELO|NSW,,74
30903,SANDFORD,NSW,,,SANDFORD|NSW,,82
30905,STRATHDOWNIE,NSW,,,STRATHDOWNIE|NSW,,80
30907,WANDO BRIDGE,NSW,,,WANDO BRIDGE|NSW,,81
30909,WANDO VALE,NSW,,,WANDO VALE|NSW,,81
30915,CAVENDISH,NSW,,,CAVENDISH|NSW,,78
30917,GLENISLA,NSW,,,GLENISLA|NSW,,80
30923,WOOHLPOOER,NSW,,,WOOHLPOOER|NSW,,79
30927,CLOVER FLAT,NSW,,,CLOVER FLAT|NSW,,81
30931,COOJAR,NSW,,,COOJAR|NSW,,84
30935,GRINGEGALGONA,NSW,,,GRINGEGALGONA|NSW,,82
30937,GRITJURK,NSW,,,GRITJURK|NSW,,75
30939,HILGAY,NSW,,,HILGAY|NSW,,82
30941,KONONGWOOTONG,NSW,,,KONONGWOOTONG|NSW,,82
30949,PASCHENDALE,NSW,,,PASCHENDALE|NSW,,76
30951,TAHARA BRIDGE,NSW,,,TAHARA BRIDGE|NSW,,76
30953,TARRAYOUKYAN,NSW,,,TARRAYOUKYAN|NSW,,75
30955,TARRENLEA,NSW,,,TARRENLEA|NSW,,82
30957,WOOTONG VALE,NSW,,,WOOTONG VALE|NSW,,75
30959,HARROW,NSW,,,HARROW|NSW,,80
30963,CONNEWIRRICOO,NSW,,,CONNEWIRRICOO|NSW,,82
30965,EDENHOPE,NSW,,,EDENHOPE|NSW,,80
30967,JALLAKIN,NSW,,,JALLAKIN|NSW,,82
30969,KADNOOK,NSW,,,KADNOOK|NSW,,83
30971,LANGKOOP,NSW,,,LANGKOOP|NSW,,78
30973,MEEREEK,NSW,,,MEEREEK|NSW,,82
30975,PATYAH,NSW,,,PATYAH|NSW,,78
30977,ULLSWATER,NSW,,,ULLSWATER|NSW,,77
30981,BENAYEO,NSW,,,BENAYEO|NSW,,82
30983,BRINGALBERT,NSW,,,BRINGALBERT|NSW,,80
30985,HESSE,NSW,,,HESSE|NSW,,75
30991,CRESSY,NSW,,,CRESSY|NSW,,80
30993,BERRYBANK,NSW,,,BERRYBANK|NSW,,82
30995,DUVERNEY,NSW,,,DUVERNEY|NSW,,75
30997,FOXHOW,NSW,,,FOXHOW|NSW,,70
31004,DERRINALLUM,NSW,,,DERRINALLUM|NSW,,80
31008,VITE VITE,NSW,,,VITE VITE|NSW,,77
31010,VITE VITE NORTH,NSW,,,VITE VITE NORTH|NSW,,84
31012,TEESDALE,NSW,,,TEESDALE|NSW,,83
31018,SHELFORD,NSW,,,SHELFORD|NSW,,77
31022,BANNOCKBURN,NSW,,,BANNOCKBURN|NSW,,80
31024,GHERINGHAP,NSW,,,GHERINGHAP|NSW,,79
31028,RUSSELLS BRIDGE,NSW,,,RUSSELLS BRIDGE|NSW,,79
31032,STEIGLITZ,NSW,,,STEIGLITZ|NSW,,77
31034,SUTHERLANDS CREEK,NSW,,,SUTHERLANDS CREEK|NSW,,82
31038,BAMGANIE,NSW,,,BAMGANIE|NSW,,80
31044,CARGERIE,NSW,,,CARGERIE|NSW,,82
31046,ELAINE,NSW,,,ELAINE|NSW,,82
31048,MORRISONS,NSW,,,MORRISONS|NSW,,80
31052,BONNIE BROOK,NSW,,,BONNIE BROOK|NSW,,81
31054,GRANGEFIELDS,NSW,,,GRANGEFIELDS|NSW,,83
31056,ROCKBANK,NSW,,,ROCKBANK|NSW,,83
31058,THORNHILL PARK,NSW,,,THORNHILL PARK|NSW,,83
31060,AINTREE,NSW,,,AINTREE|NSW,,82
31062,DEANSIDE,NSW,,,DEANSIDE|NSW,,83
31064,FRASER RISE,NSW,,,FRASER RISE|NSW,,73
31066,HARKNESS,NSW,,,HARKNESS|NSW,,77
31068,KURUNJANG,NSW,,,KURUNJANG|NSW,,83
31072,MELTON WEST,NSW,,,MELTON WEST|NSW,,80
31074,TOOLERN VALE,NSW,,,TOOLERN VALE|NSW,,80
31077,COBBLEBANK,NSW,,,COBBLEBANK|NSW,,79
31081,EYNESBURY,NSW,,,EYNESBURY|NSW,,77
31085,STRATHTULLOH,NSW,,,STRATHTULLOH|NSW,,75
31087,WEIR VIEWS,NSW,,,WEIR VIEWS|NSW,,79
31089,BACCHUS MARSH,NSW,,,BACCHUS MARSH|NSW,,82
31095,COIMADAI,NSW,,,COIMADAI|NSW,,82
31104,MADDINGLEY,NSW,,,MADDINGLEY|NSW,,79
31106,MERRIMU,NSW,,,MERRIMU|NSW,,83
31115,KOROBEIT,NSW,,,KOROBEIT|NSW,,76
31117,MYRNIONG,NSW,,,MYRNIONG|NSW,,78
31123,BEREMBOKE,NSW,,,BEREMBOKE|NSW,,83
31127,BUNDING,NSW,,,BUNDING|NSW,,82
31131,DURDIDWARRAH,NSW,,,DURDIDWARRAH|NSW,,81
31133,FISKVILLE,NSW,,,FISKVILLE|NSW,,81
31137,MOUNT WALLACE,NSW,,,MOUNT WALLACE|NSW,,82
31142,BAKERY HILL,NSW,,,BAKERY HILL|NSW,,83
31150,BALLARAT NORTH,NSW,,,BALLARAT NORTH|NSW,,83
31160,GOLDEN POINT,NSW,,,GOLDEN POINT|NSW,,84
31162,INVERMAY PARK,NSW,,,INVERMAY PARK|NSW,,80
31164,LAKE WENDOUREE,NSW,,,LAKE WENDOUREE|NSW,,83
31166,LUCAS,NSW,,,LUCAS|NSW,,78
31178,SOLDIERS HILL,NSW,,,SOLDIERS HILL|NSW,,82
31180,SOVEREIGN HILL,NSW,,,SOVEREIGN HILL|NSW,,79
31184,BO PEEP,NSW,,,BO PEEP|NSW,,74
31186,CAPE CLEAR,NSW,,,CAPE CLEAR|NSW,,79
31190,CHEPSTOWE,NSW,,,CHEPSTOWE|NSW,,79
31192,HADDON,NSW,,,HADDON|NSW,,80
31199,LAKE BOLAC,NSW,,,LAKE BOLAC|NSW,,80
31201,MININERA,NSW,,,MININERA|NSW,,78
31203,MORTCHUP,NSW,,,MORTCHUP|NSW,,78
31207,NERRIN NERRIN,NSW,,,NERRIN NERRIN|NSW,,82
31209,NINTINGBOOL,NSW,,,NINTINGBOOL|NSW,,80
31211,PIGGOREET,NSW,,,PIGGOREET|NSW,,77
31215,ROKEWOOD JUNCTION,NSW,,,ROKEWOOD JUNCTION|NSW,,81
31219,SCARSDALE,NSW,,,SCARSDALE|NSW,,80
31223,SMYTHESDALE,NSW,,,SMYTHESDALE|NSW,,74
31229,STAFFORDSHIRE REEF,NSW,,,STAFFORDSHIRE REEF|NSW,,82
31233,WALLINDUC,NSW,,,WALLINDUC|NSW,,80
31235,WESTMERE,NSW,,,WESTMERE|NSW,,83
31241,BARKSTEAD,NSW,,,BARKSTEAD|NSW,,80
31243,BLOWHARD,NSW,,,BLOWHARD|NSW,,78
31248,BREWSTER,NSW,,,BREWSTER|NSW,,83
31254,BUNKERS HILL,NSW,,,BUNKERS HILL|NSW,,81
31256,BURRUMBEET,NSW,,,BURRUMBEET|NSW,,79
31258,CAMBRIAN HILL,NSW,,,CAMBRIAN HILL|NSW,,82
31264,CHAPEL FLAT,NSW,,,CHAPEL FLAT|NSW,,80
31272,CORINDHAP,NSW,,,CORINDHAP|NSW,,83
31276,DEREEL,NSW,,,DEREEL|NSW,,82
31278,DUNNSTOWN,NSW,,,DUNNSTOWN|NSW,,80
31280,DURHAM LEAD,NSW,,,DURHAM LEAD|NSW,,80
31283,ERCILDOUNE,NSW,,,ERCILDOUNE|NSW,,79
31285,GARIBALDI,NSW,,,GARIBALDI|NSW,,77
31295,INVERMAY,NSW,,,INVERMAY|NSW,,83
31299,LAMPLOUGH,NSW,,,LAMPLOUGH|NSW,,77
31301,LANGI KAL KAL,NSW,,,LANGI KAL KAL|NSW,,82
31309,MAGPIE,NSW,,,MAGPIE|NSW,,80
31313,MINERS REST,NSW,,,MINERS REST|NSW,,77
31315,MITCHELL PARK,NSW,,,MITCHELL PARK|NSW,,83
31317,MOLLONGGHIP,NSW,,,MOLLONGGHIP|NSW,,80
31321,MOUNT EGERTON,NSW,,,MOUNT EGERTON|NSW,,82
31323,MOUNT MERCER,NSW,,,MOUNT MERCER|NSW,,83
31328,NAPOLEONS,NSW,,,NAPOLEONS|NSW,,80
31330,NAVIGATORS,NSW,,,NAVIGATORS|NSW,,79
31332,POOTILLA,NSW,,,POOTILLA|NSW,,78
31334,SCOTCHMANS LEAD,NSW,,,SCOTCHMANS LEAD|NSW,,81
31336,SCOTSBURN,NSW,,,SCOTSBURN|NSW,,75
31338,SPRINGBANK,NSW,,,SPRINGBANK|NSW,,83
31340,SULKY,NSW,,,SULKY|NSW,,78
31344,WARRENHEIP,NSW,,,WARRENHEIP|NSW,,83
31348,WAUBRA,NSW,,,WAUBRA|NSW,,84
31350,WEATHERBOARD,NSW,,,WEATHERBOARD|NSW,,81
31352,WERNETH,NSW,,,WERNETH|NSW,,76
31355,YENDON,NSW,,,YENDON|NSW,,84
31357,BALLARAT MC,NSW,,,BALLARAT MC|NSW,,80
31359,LAKE GARDENS,NSW,,,LAKE GARDENS|NSW,,81
31361,WENDOUREE,NSW,,,WENDOUREE|NSW,,80
31369,BUNINYONG,NSW,,,BUNINYONG|NSW,,80
31371,SCOTSMANS LEAD,NSW,,,SCOTSMANS LEAD|NSW,,79
31375,WINTER VALLEY,NSW,,,WINTER VALLEY|NSW,,80
31379,MANNIBADAR,NSW,,,MANNIBADAR|NSW,,79
31383,WILLOWVALE,NSW,,,WILLOWVALE|NSW,,80
31385,BRADVALE,NSW,,,BRADVALE|NSW,,83
31389,SKIPTON,NSW,,,SKIPTON|NSW,,78
31391,CRESWICK,NSW,,,CRESWICK|NSW,,83
31393,CRESWICK NORTH,NSW,,,CRESWICK NORTH|NSW,,83
31397,LANGDONS HILL,NSW,,,LANGDONS HILL|NSW,,82
31399,MOUNT BECKWORTH,NSW,,,MOUNT BECKWORTH|NSW,,84
31401,TOURELLO,NSW,,,TOURELLO|NSW,,83
31408,BLAMPIED,NSW,,,BLAMPIED|NSW,,78
31412,CABBAGE TREE,NSW,,,CABBAGE TREE|NSW,,82
31425,KOOROOCHEANG,NSW,,,KOOROOCHEANG|NSW,,81
31428,MOUNT PROSPECT,NSW,,,MOUNT PROSPECT|NSW,,80
31432,NEWLYN NORTH,NSW,,,NEWLYN NORTH|NSW,,84
31438,SMOKEY TOWN,NSW,,,SMOKEY TOWN|NSW,,74
31440,SMOKEYTOWN,NSW,,,SMOKEYTOWN|NSW,,77
31442,SPRINGMOUNT,NSW,,,SPRINGMOUNT|NSW,,77
31451,GLENGOWER,NSW,,,GLENGOWER|NSW,,83
31453,MOUNT CAMERON,NSW,,,MOUNT CAMERON|NSW,,82
31455,AMHERST,NSW,,,AMHERST|NSW,,78
31457,BURNBANK,NSW,,,BURNBANK|NSW,,82
31459,CARALULUP,NSW,,,CARALULUP|NSW,,77
31461,DUNACH,NSW,,,DUNACH|NSW,,82
31463,EVANSFORD,NSW,,,EVANSFORD|NSW,,83
31465,LILLICUR,NSW,,,LILLICUR|NSW,,75
31467,MOUNT GLASGOW,NSW,,,MOUNT GLASGOW|NSW,,82
31469,RED LION,NSW,,,RED LION|NSW,,80
31472,TALBOT,NSW,,,TALBOT|NSW,,84
31476,CHUTE,NSW,,,CHUTE|NSW,,80
31480,LAKE GOLDSMITH,NSW,,,LAKE GOLDSMITH|NSW,,83
31484,MAIN LEAD,NSW,,,MAIN LEAD|NSW,,81
31494,STOCKYARD HILL,NSW,,,STOCKYARD HILL|NSW,,80
31498,TRAWALLA,NSW,,,TRAWALLA|NSW,,82
31501,GREAT WESTERN,NSW,,,GREAT WESTERN|NSW,,82
31505,BAYINDEEN,NSW,,,BAYINDEEN|NSW,,80
31509,MIDDLE CREEK,NSW,,,MIDDLE CREEK|NSW,,84
31511,AMPHITHEATRE,NSW,,,AMPHITHEATRE|NSW,,81
31515,ARARAT EAST,NSW,,,ARARAT EAST|NSW,,80
31517,ARMSTRONG,NSW,,,ARMSTRONG|NSW,,80
31527,DENICULL CREEK,NSW,,,DENICULL CREEK|NSW,,83
31529,DOBIE,NSW,,,DOBIE|NSW,,80
31531,DUNNEWORTHY,NSW,,,DUNNEWORTHY|NSW,,80
31533,EVERSLEY,NSW,,,EVERSLEY|NSW,,83
31535,JALLUKUR,NSW,,,JALLUKUR|NSW,,75
31537,LANGI LOGAN,NSW,,,LANGI LOGAN|NSW,,80
31545,MOUNT LONARCH,NSW,,,MOUNT LONARCH|NSW,,82
31549,NORVAL,NSW,,,NORVAL|NSW,,84
31551,RHYMNEY,NSW,,,RHYMNEY|NSW,,76
31554,ROSSBRIDGE,NSW,,,ROSSBRIDGE|NSW,,79
31562,YALLA-Y-POORA,NSW,,,YALLA-Y-POORA|NSW,,76
31568,MAFEKING,NSW,,,MAFEKING|NSW,,78
31570,STAVELY,NSW,,,STAVELY|NSW,,82
31574,WICKLIFFE,NSW,,,WICKLIFFE|NSW,,79
31578,WILLAURA NORTH,NSW,,,WILLAURA NORTH|NSW,,83
31580,BELLELLEN,NSW,,,BELLELLEN|NSW,,80
31582,BRIDGE INN,NSW,,,BRIDGE INN|NSW,,84
31584,MOKEPILLY,NSW,,,MOKEPILLY|NSW,,77
31588,STAWELL WEST,NSW,,,STAWELL WEST|NSW,,80
31590,WINJALLOK,NSW,,,WINJALLOK|NSW,,80
31592,BARKLY,NSW,,,BARKLY|NSW,,84
31597,CALLAWADDA,NSW,,,CALLAWADDA|NSW,,80
31601,CONCONGELLA,NSW,,,CONCONGELLA|NSW,,80
31603,DEEP LEAD,NSW,,,DEEP LEAD|NSW,,77
31607,GERMANIA,NSW,,,GERMANIA|NSW,,82
31615,JOEL JOEL,NSW,,,JOEL JOEL|NSW,,77
31617,JOEL SOUTH,NSW,,,JOEL SOUTH|NSW,,83
31619,KANYA,NSW,,,KANYA|NSW,,84
31621,LAKE FYANS,NSW,,,LAKE FYANS|NSW,,79
31623,LAKE LONSDALE,NSW,,,LAKE LONSDALE|NSW,,83
31625,LUBECK,NSW,,,LUBECK|NSW,,82
31627,MORRL MORRL,NSW,,,MORRL MORRL|NSW,,80
31634,ROSTRON,NSW,,,ROSTRON|NSW,,84
31640,WALLALOO EAST,NSW,,,WALLALOO EAST|NSW,,82
31644,LANDSBOROUGH,NSW,,,LANDSBOROUGH|NSW,,81
31648,NAVARRE,NSW,,,NAVARRE|NSW,,78
31650,TULKARA,NSW,,,TULKARA|NSW,,84
31652,WATTLE CREEK,NSW,,,WATTLE CREEK|NSW,,84
31658,LEDCOURT,NSW,,,LEDCOURT|NSW,,77
31660,RIACHELLA,NSW,,,RIACHELLA|NSW,,80
31666,MARNOO WEST,NSW,,,MARNOO WEST|NSW,,80
31668,BANYENA,NSW,,,BANYENA|NSW,,82
31670,RUPANYUP,NSW,,,RUPANYUP|NSW,,70
31674,MURTOA,NSW,,,MURTOA|NSW,,84
31676,BRIM,NSW,,,BRIM|NSW,,84
31678,BOOLITE,NSW,,,BOOLITE|NSW,,82
31680,MINYIP,NSW,,,MINYIP|NSW,,84
31684,AILSA,NSW,,,AILSA|NSW,,82
31686,ANGIP,NSW,,,ANGIP|NSW,,84
31688,AUBREY,NSW,,,AUBREY|NSW,,80
31692,CANNUM,NSW,,,CANNUM|NSW,,80
31696,KELLALAC,NSW,,,KELLALAC|NSW,,78
31698,LAH,NSW,,,LAH|NSW,,82
31700,WARRACKNABEAL,NSW,,,WARRACKNABEAL|NSW,,82
31702,WILKUR,NSW,,,WILKUR|NSW,,82
31704,WILLENABRINA,NSW,,,WILLENABRINA|NSW,,81
31706,BEULAH,NSW,,,BEULAH|NSW,,84
31710,REEDY DAM,NSW,,,REEDY DAM|NSW,,72
31715,HOPEVALE,NSW,,,HOPEVALE|NSW,,77
31717,YARTO,NSW,,,YARTO|NSW,,84
31719,JUNG,NSW,,,JUNG|NSW,,84
31721,LONGERENONG,NSW,,,LONGERENONG|NSW,,80
42865,MELBOURNE,NSW,,,MELBOURNE|NSW,,82
42867,EAST MELBOURNE,NSW,,,EAST MELBOURNE|NSW,,83
42869,WEST MELBOURNE,NSW,,,WEST MELBOURNE|NSW,,83
42871,ST KILDA ROAD CENTRAL,NSW,,,ST KILDA ROAD CENTRAL|NSW,,84
42875,WORLD TRADE CENTRE,NSW,,,WORLD TRADE CENTRE|NSW,,82
42877,SOUTH WHARF,NSW,,,SOUTH WHARF|NSW,,80
42879,SOUTHBANK,NSW,,,SOUTHBANK|NSW,,79
42881,DOCKLANDS,NSW,,,DOCKLANDS|NSW,,81
42885,FOOTSCRAY,NSW,,,FOOTSCRAY|NSW,,77
42887,SEDDON,NSW,,,SEDDON|NSW,,84
42889,SEDDON WEST,NSW,,,SEDDON WEST|NSW,,75
42894,KINGSVILLE WEST,NSW,,,KINGSVILLE WEST|NSW,,84
42900,WEST FOOTSCRAY,NSW,,,WEST FOOTSCRAY|NSW,,83
42904,YARRAVILLE WEST,NSW,,,YARRAVILLE WEST|NSW,,84
42907,SOUTH KINGSVILLE,NSW,,,SOUTH KINGSVILLE|NSW,,82
42909,SPOTSWOOD,NSW,,,SPOTSWOOD|NSW,,80
42917,SEAHOLME,NSW,,,SEAHOLME|NSW,,83
42921,BRAYBROOK NORTH,NSW,,,BRAYBROOK NORTH|NSW,,84
42923,ROBINSON,NSW,,,ROBINSON|NSW,,80
42927,GLENGALA,NSW,,,GLENGALA|NSW,,83
42930,SUNSHINE NORTH,NSW,,,SUNSHINE NORTH|NSW,,80
42932,SUNSHINE WEST,NSW,,,SUNSHINE WEST|NSW,,83
42941,ARDEER,NSW,,,ARDEER|NSW,,82
42943,DEER PARK EAST,NSW,,,DEER PARK EAST|NSW,,78
42949,CAIRNLEA,NSW,,,CAIRNLEA|NSW,,82
42951,CAROLINE SPRINGS,NSW,,,CAROLINE SPRINGS|NSW,,80
42955,DEER PARK NORTH,NSW,,,DEER PARK NORTH|NSW,,80
42957,RAVENHALL,NSW,,,RAVENHALL|NSW,,81
42959,FIELDSTONE,NSW,,,FIELDSTONE|NSW,,81
42961,MAMBOURIN,NSW,,,MAMBOURIN|NSW,,78
42963,MANOR LAKES,NSW,,,MANOR LAKES|NSW,,81
42965,MOUNT COTTRELL,NSW,,,MOUNT COTTRELL|NSW,,83
42967,WYNDHAM VALE,NSW,,,WYNDHAM VALE|NSW,,81
42969,ALTONA EAST,NSW,,,ALTONA EAST|NSW,,84
42971,ALTONA GATE,NSW,,,ALTONA GATE|NSW,,80
42975,DERRIMUT,NSW,,,DERRIMUT|NSW,,78
42979,LAVERTON RAAF,NSW,,,LAVERTON RAAF|NSW,,79
42985,ALTONA MEADOWS,NSW,,,ALTONA MEADOWS|NSW,,83
42993,TARNEIT,NSW,,,TARNEIT|NSW,,80
42995,TRUGANINA,NSW,,,TRUGANINA|NSW,,78
42999,COCOROC,NSW,,,COCOROC|NSW,,82
43007,WERRIBEE SOUTH,NSW,,,WERRIBEE SOUTH|NSW,,79
43012,ASCOT VALE,NSW,,,ASCOT VALE|NSW,,81
43014,HIGHPOINT CITY,NSW,,,HIGHPOINT CITY|NSW,,83
43016,MARIBYRNONG,NSW,,,MARIBYRNONG|NSW,,81
43018,TRAVANCORE,NSW,,,TRAVANCORE|NSW,,77
43020,KEILOR EAST,NSW,,,KEILOR EAST|NSW,,84
43024,KEILOR,NSW,,,KEILOR|NSW,,84
43026,KEILOR NORTH,NSW,,,KEILOR NORTH|NSW,,81
43030,DELAHEY,NSW,,,DELAHEY|NSW,,78
43036,TAYLORS HILL,NSW,,,TAYLORS HILL|NSW,,81
43038,KEILOR DOWNS,NSW,,,KEILOR DOWNS|NSW,,81
43040,KEILOR LODGE,NSW,,,KEILOR LODGE|NSW,,81
43044,WATERGARDENS,NSW,,,WATERGARDENS|NSW,,81
43046,MOONEE PONDS,NSW,,,MOONEE PONDS|NSW,,77
43050,ESSENDON,NSW,,,ESSENDON|NSW,,80
43052,ESSENDON WEST,NSW,,,ESSENDON WEST|NSW,,82
43054,CROSS KEYS,NSW,,,CROSS KEYS|NSW,,83
43056,ESSENDON FIELDS,NSW,,,ESSENDON FIELDS|NSW,,84
43058,ESSENDON NORTH,NSW,,,ESSENDON NORTH|NSW,,83
43062,STRATHMORE HEIGHTS,NSW,,,STRATHMORE HEIGHTS|NSW,,82
43064,AIRPORT WEST,NSW,,,AIRPORT WEST|NSW,,81
43066,KEILOR PARK,NSW,,,KEILOR PARK|NSW,,83
43068,NIDDRIE,NSW,,,NIDDRIE|NSW,,74
43070,NIDDRIE NORTH,NSW,,,NIDDRIE NORTH|NSW,,82
43074,GOWANBRAE,NSW,,,GOWANBRAE|NSW,,82
43078,PASCOE VALE,NSW,,,PASCOE VALE|NSW,,76
43080,PASCOE VALE SOUTH,NSW,,,PASCOE VALE SOUTH|NSW,,81
43092,JACANA,NSW,,,JACANA|NSW,,80
43096,MEADOW HEIGHTS,NSW,,,MEADOW HEIGHTS|NSW,,83
43104,HOTHAM HILL,NSW,,,HOTHAM HILL|NSW,,83
43108,MELBOURNE UNIVERSITY,NSW,,,MELBOURNE UNIVERSITY|NSW,,83
43116,PRINCES HILL,NSW,,,PRINCES HILL|NSW,,84
43118,BRUNSWICK SOUTH,NSW,,,BRUNSWICK SOUTH|NSW,,79
43120,BRUNSWICK WEST,NSW,,,BRUNSWICK WEST|NSW,,83
43124,MORELAND WEST,NSW,,,MORELAND WEST|NSW,,83
43128,BRUNSWICK LOWER,NSW,,,BRUNSWICK LOWER|NSW,,84
43130,BRUNSWICK NORTH,NSW,,,BRUNSWICK NORTH|NSW,,84
43134,LYGON STREET NORTH,NSW,,,LYGON STREET NORTH|NSW,,82
43136,SUMNER,NSW,,,SUMNER|NSW,,80
43142,COBURG NORTH,NSW,,,COBURG NORTH|NSW,,82
43144,MERLYNSTON,NSW,,,MERLYNSTON|NSW,,80
43150,FAWKNER,NSW,,,FAWKNER|NSW,,78
43152,FAWKNER EAST,NSW,,,FAWKNER EAST|NSW,,81
43154,FAWKNER NORTH,NSW,,,FAWKNER NORTH|NSW,,82
43156,CAMPBELLFIELD,NSW,,,CAMPBELLFIELD|NSW,,83
43159,OAKLANDS JUNCTION,NSW,,,OAKLANDS JUNCTION|NSW,,81
43161,YUROKE,NSW,,,YUROKE|NSW,,76
43167,KALKALLO,NSW,,,KALKALLO|NSW,,75
43169,MICKLEHAM,NSW,,,MICKLEHAM|NSW,,77
43171,ROXBURGH PARK,NSW,,,ROXBURGH PARK|NSW,,76
43180,CLIFTON HILL,NSW,,,CLIFTON HILL|NSW,,81
43182,FITZROY NORTH,NSW,,,FITZROY NORTH|NSW,,82
43184,NORTHCOTE,NSW,,,NORTHCOTE|NSW,,81
43186,NORTHCOTE SOUTH,NSW,,,NORTHCOTE SOUTH|NSW,,79
43188,THORNBURY,NSW,,,THORNBURY|NSW,,80
43196,PRESTON LOWER,NSW,,,PRESTON LOWER|NSW,,80
43198,PRESTON SOUTH,NSW,,,PRESTON SOUTH|NSW,,83
43202,REGENT WEST,NSW,,,REGENT WEST|NSW,,83
43204,SYLVESTER,NSW,,,SYLVESTER|NSW,,79
43208,RESERVOIR,NSW,,,RESERVOIR|NSW,,72
43210,RESERVOIR EAST,NSW,,,RESERVOIR EAST|NSW,,78
43212,RESERVOIR NORTH,NSW,,,RESERVOIR NORTH|NSW,,79
43214,RESERVOIR SOUTH,NSW,,,RESERVOIR SOUTH|NSW,,79
43216,THOMASTOWN,NSW,,,THOMASTOWN|NSW,,77
43218,LALOR,NSW,,,LALOR|NSW,,84
43220,LALOR PLAZA,NSW,,,LALOR PLAZA|NSW,,83
43230,IVANHOE EAST,NSW,,,IVANHOE EAST|NSW,,81
43232,IVANHOE NORTH,NSW,,,IVANHOE NORTH|NSW,,82
43238,HEIDELBERG RGH,NSW,,,HEIDELBERG RGH|NSW,,78
43240,HEIDELBERG WEST,NSW,,,HEIDELBERG WEST|NSW,,84
43246,KINGSBURY,NSW,,,KINGSBURY|NSW,,77
43248,LA TROBE UNIVERSITY,NSW,,,LA TROBE UNIVERSITY|NSW,,83
43250,BANYULE,NSW,,,BANYULE|NSW,,80
43254,HEIDELBERG,NSW,,,HEIDELBERG|NSW,,79
43256,ROSANNA,NSW,,,ROSANNA|NSW,,80
43258,VIEWBANK,NSW,,,VIEWBANK|NSW,,78
43262,MACLEOD WEST,NSW,,,MACLEOD WEST|NSW,,81
43265,WATSONIA,NSW,,,WATSONIA|NSW,,82
43267,WATSONIA NORTH,NSW,,,WATSONIA NORTH|NSW,,83
43278,PLENTY,NSW,,,PLENTY|NSW,,76
43282,LOWER PLENTY,NSW,,,LOWER PLENTY|NSW,,76
43284,MONTMORENCY,NSW,,,MONTMORENCY|NSW,,81
43287,ELTHAM NORTH,NSW,,,ELTHAM NORTH|NSW,,83
43289,RESEARCH,NSW,,,RESEARCH|NSW,,78
43291,WATTLE GLEN,NSW,,,WATTLE GLEN|NSW,,84
43293,BEND OF ISLANDS,NSW,,,BEND OF ISLANDS|NSW,,79
43295,KANGAROO GROUND,NSW,,,KANGAROO GROUND|NSW,,84
43300,COTTLES BRIDGE,NSW,,,COTTLES BRIDGE|NSW,,83
43302,HURSTBRIDGE,NSW,,,HURSTBRIDGE|NSW,,80
43304,NUTFIELD,NSW,,,NUTFIELD|NSW,,81
43311,KEW EAST,NSW,,,KEW EAST|NSW,,80
43313,BALWYN,NSW,,,BALWYN|NSW,,82
43315,BALWYN EAST,NSW,,,BALWYN EAST|NSW,,84
43319,DEEPDENE DC,NSW,,,DEEPDENE DC|NSW,,80
43321,STRADBROKE PARK,NSW,,,STRADBROKE PARK|NSW,,79
43323,BALWYN NORTH,NSW,,,BALWYN NORTH|NSW,,84
43325,GREYTHORN,NSW,,,GREYTHORN|NSW,,81
43329,BULLEEN SOUTH,NSW,,,BULLEEN SOUTH|NSW,,82
43331,TEMPLESTOWE,NSW,,,TEMPLESTOWE|NSW,,75
43333,TEMPLESTOWE LOWER,NSW,,,TEMPLESTOWE LOWER|NSW,,81
43335,DONCASTER,NSW,,,DONCASTER|NSW,,77
43337,DONCASTER EAST,NSW,,,DONCASTER EAST|NSW,,83
43343,TUNSTALL SQUARE PO,NSW,,,TUNSTALL SQUARE PO|NSW,,82
43345,DONVALE,NSW,,,DONVALE|NSW,,82
43349,WARRANDYTE,NSW,,,WARRANDYTE|NSW,,79
43351,PARK ORCHARDS,NSW,,,PARK ORCHARDS|NSW,,80
43355,CHIRNSIDE PARK,NSW,,,CHIRNSIDE PARK|NSW,,78
43364,RICHMOND EAST,NSW,,,RICHMOND EAST|NSW,,83
43368,RICHMOND SOUTH,NSW,,,RICHMOND SOUTH|NSW,,80
43373,GLENFERRIE SOUTH,NSW,,,GLENFERRIE SOUTH|NSW,,81
43377,HAWTHORN NORTH,NSW,,,HAWTHORN NORTH|NSW,,83
43379,HAWTHORN WEST,NSW,,,HAWTHORN WEST|NSW,,82
43382,HAWTHORN EAST,NSW,,,HAWTHORN EAST|NSW,,82
43387,CAMBERWELL SOUTH,NSW,,,CAMBERWELL SOUTH|NSW,,82
43395,BENNETTSWOOD,NSW,,,BENNETTSWOOD|NSW,,81
43398,SURREY HILLS SOUTH,NSW,,,SURREY HILLS SOUTH|NSW,,82
43403,MONT ALBERT,NSW,,,MONT ALBERT|NSW,,80
43407,SURREY HILLS NORTH,NSW,,,SURREY HILLS NORTH|NSW,,82
43417,WATTLE PARK,NSW,,,WATTLE PARK|NSW,,83
43421,KERRIMUIR,NSW,,,KERRIMUIR|NSW,,81
43427,BLACKBURN NORTH,NSW,,,BLACKBURN NORTH|NSW,,84
43431,LABURNUM,NSW,,,LABURNUM|NSW,,82
43433,BRENTFORD SQUARE,NSW,,,BRENTFORD SQUARE|NSW,,80
43437,NUNAWADING,NSW,,,NUNAWADING|NSW,,74
43441,MITCHAM NORTH,NSW,,,MITCHAM NORTH|NSW,,82
43447,VERMONT SOUTH,NSW,,,VERMONT SOUTH|NSW,,76
43453,RINGWOOD NORTH,NSW,,,RINGWOOD NORTH|NSW,,80
43455,WARRANDYTE SOUTH,NSW,,,WARRANDYTE SOUTH|NSW,,80
43459,BEDFORD ROAD,NSW,,,BEDFORD ROAD|NSW,,77
43463,RINGWOOD EAST,NSW,,,RINGWOOD EAST|NSW,,83
43466,CROYDON HILLS,NSW,,,CROYDON HILLS|NSW,,82
43468,CROYDON NORTH,NSW,,,CROYDON NORTH|NSW,,82
43470,CROYDON SOUTH,NSW,,,CROYDON SOUTH|NSW,,79
43472,KILSYTH,NSW,,,KILSYTH|NSW,,74
43474,KILSYTH SOUTH,NSW,,,KILSYTH SOUTH|NSW,,77
43476,MOOROOLBARK,NSW,,,MOOROOLBARK|NSW,,80
43478,BEENAK,NSW,,,BEENAK|NSW,,82
43484,LAUNCHING PLACE,NSW,,,LAUNCHING PLACE|NSW,,79
43488,SEVILLE EAST,NSW,,,SEVILLE EAST|NSW,,80
43490,WANDIN EAST,NSW,,,WANDIN EAST|NSW,,80
43492,WANDIN NORTH,NSW,,,WANDIN NORTH|NSW,,81
43494,WOORI YALLOCK,NSW,,,WOORI YALLOCK|NSW,,82
43496,YELLINGBO,NSW,,,YELLINGBO|NSW,,82
43499,CHAPEL STREET NORTH,NSW,,,CHAPEL STREET NORTH|NSW,,83
43501,DOMAIN ROAD PO,NSW,,,DOMAIN ROAD PO|NSW,,78
43503,SOUTH YARRA,NSW,,,SOUTH YARRA|NSW,,80
43505,HAWKSBURN,NSW,,,HAWKSBURN|NSW,,78
43507,TOORAK,NSW,,,TOORAK|NSW,,84
43519,CAULFIELD EAST,NSW,,,CAULFIELD EAST|NSW,,83
43525,DARLING SOUTH,NSW,,,DARLING SOUTH|NSW,,83
43527,MALVERN EAST,NSW,,,MALVERN EAST|NSW,,81
43529,WATTLETREE ROAD PO,NSW,,,WATTLETREE ROAD PO|NSW,,82
43535,ASHBURTON,NSW,,,ASHBURTON|NSW,,83
43543,HOLMESGLEN,NSW,,,HOLMESGLEN|NSW,,83
43547,MOUNT WAVERLEY,NSW,,,MOUNT WAVERLEY|NSW,,83
43553,BRANDON PARK,NSW,,,BRANDON PARK|NSW,,83
43555,GLEN WAVERLEY,NSW,,,GLEN WAVERLEY|NSW,,83
43557,WHEELERS HILL,NSW,,,WHEELERS HILL|NSW,,82
43559,BURWOOD EAST,NSW,,,BURWOOD EAST|NSW,,81
43564,STUDFIELD,NSW,,,STUDFIELD|NSW,,81
43566,WANTIRNA,NSW,,,WANTIRNA|NSW,,78
43568,WANTIRNA SOUTH,NSW,,,WANTIRNA SOUTH|NSW,,78
43572,BAYSWATER NORTH,NSW,,,BAYSWATER NORTH|NSW,,84
43579,LYSTERFIELD,NSW,,,LYSTERFIELD|NSW,,83
43581,LYSTERFIELD SOUTH,NSW,,,LYSTERFIELD SOUTH|NSW,,84
43583,MOUNTAIN GATE,NSW,,,MOUNTAIN GATE|NSW,,82
43585,UPPER FERNTREE GULLY,NSW,,,UPPER FERNTREE GULLY|NSW,,83
43587,UPWEY,NSW,,,UPWEY|NSW,,78
43597,BELGRAVE SOUTH,NSW,,,BELGRAVE SOUTH|NSW,,82
43607,CAULFIELD SOUTH,NSW,,,CAULFIELD SOUTH|NSW,,83
43611,BOORAN ROAD PO,NSW,,,BOORAN ROAD PO|NSW,,78
43613,CARNEGIE,NSW,,,CARNEGIE|NSW,,82
43615,GLEN HUNTLY,NSW,,,GLEN HUNTLY|NSW,,80
43617,MURRUMBEENA,NSW,,,MURRUMBEENA|NSW,,81
43619,DANDENONG SOUTH,NSW,,,DANDENONG SOUTH|NSW,,80
43621,BENTLEIGH EAST,NSW,,,BENTLEIGH EAST|NSW,,83
43623,COATESVILLE,NSW,,,COATESVILLE|NSW,,83
43625,HUGHESDALE,NSW,,,HUGHESDALE|NSW,,79
43631,OAKLEIGH EAST,NSW,,,OAKLEIGH EAST|NSW,,76
43633,OAKLEIGH SOUTH,NSW,,,OAKLEIGH SOUTH|NSW,,78
43637,NOTTING HILL,NSW,,,NOTTING HILL|NSW,,81
43641,CLAYTON SOUTH,NSW,,,CLAYTON SOUTH|NSW,,82
43647,SANDOWN VILLAGE,NSW,,,SANDOWN VILLAGE|NSW,,79
43651,DINGLEY VILLAGE,NSW,,,DINGLEY VILLAGE|NSW,,84
43653,SPRINGVALE SOUTH,NSW,,,SPRINGVALE SOUTH|NSW,,82
43655,KEYSBOROUGH,NSW,,,KEYSBOROUGH|NSW,,80
43659,NOBLE PARK EAST,NSW,,,NOBLE PARK EAST|NSW,,79
43661,NOBLE PARK NORTH,NSW,,,NOBLE PARK NORTH|NSW,,80
43663,BANGHOLME,NSW,,,BANGHOLME|NSW,,82
43667,DANDENONG EAST,NSW,,,DANDENONG EAST|NSW,,83
43669,DANDENONG NORTH,NSW,,,DANDENONG NORTH|NSW,,84
43671,DUNEARN,NSW,,,DUNEARN|NSW,,78
43673,SCORESBY BC,NSW,,,SCORESBY BC|NSW,,74
43675,DOVETON,NSW,,,DOVETON|NSW,,82
43677,EUMEMMERRING,NSW,,,EUMEMMERRING|NSW,,81
43681,SCORESBY,NSW,,,SCORESBY|NSW,,83
43683,KNOXFIELD,NSW,,,KNOXFIELD|NSW,,83
43685,PRAHRAN,NSW,,,PRAHRAN|NSW,,84
43687,PRAHRAN EAST,NSW,,,PRAHRAN EAST|NSW,,77
43693,ST KILDA SOUTH,NSW,,,ST KILDA SOUTH|NSW,,78
43695,ST KILDA WEST,NSW,,,ST KILDA WEST|NSW,,76
43698,ST KILDA EAST,NSW,,,ST KILDA EAST|NSW,,79
43700,BRIGHTON ROAD,NSW,,,BRIGHTON ROAD|NSW,,79
43704,ELSTERNWICK,NSW,,,ELSTERNWICK|NSW,,80
43706,GARDENVALE,NSW,,,GARDENVALE|NSW,,81
43708,RIPPONLEA,NSW,,,RIPPONLEA|NSW,,73
43714,DENDY,NSW,,,DENDY|NSW,,84
43716,WERE STREET PO,NSW,,,WERE STREET PO|NSW,,78
43728,MOORABBIN,NSW,,,MOORABBIN|NSW,,82
43730,MOORABBIN EAST,NSW,,,MOORABBIN EAST|NSW,,83
43734,HIGHETT,NSW,,,HIGHETT|NSW,,73
43742,SOUTHLAND CENTRE,NSW,,,SOUTHLAND CENTRE|NSW,,80
43746,BLACK ROCK,NSW,,,BLACK ROCK|NSW,,81
43748,BLACK ROCK NORTH,NSW,,,BLACK ROCK NORTH|NSW,,80
43753,MENTONE EAST,NSW,,,MENTONE EAST|NSW,,81
43757,ASPENDALE,NSW,,,ASPENDALE|NSW,,80
43761,BRAESIDE,NSW,,,BRAESIDE|NSW,,82
43763,MORDIALLOC,NSW,,,MORDIALLOC|NSW,,79
43769,WATERWAYS,NSW,,,WATERWAYS|NSW,,77
43771,BONBEACH,NSW,,,BONBEACH|NSW,,83
43773,CHELSEA,NSW,,,CHELSEA|NSW,,80
43775,CHELSEA HEIGHTS,NSW,,,CHELSEA HEIGHTS|NSW,,84
43777,EDITHVALE,NSW,,,EDITHVALE|NSW,,82
43779,CARRUM,NSW,,,CARRUM|NSW,,82
43781,PATTERSON LAKES,NSW,,,PATTERSON LAKES|NSW,,79
43789,FRANKSTON EAST,NSW,,,FRANKSTON EAST|NSW,,83
43793,FRANKSTON SOUTH,NSW,,,FRANKSTON SOUTH|NSW,,83
43797,KARINGAL CENTRE,NSW,,,KARINGAL CENTRE|NSW,,84
43801,PINES FOREST,NSW,,,PINES FOREST|NSW,,81
43803,CARRUM DOWNS,NSW,,,CARRUM DOWNS|NSW,,81
43805,HEATHERTON,NSW,,,HEATHERTON|NSW,,80
43809,MCKINNON,NSW,,,MCKINNON|NSW,,76
43811,ORMOND,NSW,,,ORMOND|NSW,,82
43815,SOUTH MELBOURNE,NSW,,,SOUTH MELBOURNE|NSW,,80
43817,SOUTH MELBOURNE DC,NSW,,,SOUTH MELBOURNE DC|NSW,,82
43819,ALBERT PARK,NSW,,,ALBERT PARK|NSW,,83
43821,MIDDLE PARK,NSW,,,MIDDLE PARK|NSW,,81
43823,GARDEN CITY,NSW,,,GARDEN CITY|NSW,,80
43825,PORT MELBOURNE,NSW,,,PORT MELBOURNE|NSW,,78
43832,POINT WILSON,NSW,,,POINT WILSON|NSW,,79
43834,ANAKIE,NSW,,,ANAKIE|NSW,,80
43836,BATESFORD,NSW,,,BATESFORD|NSW,,83
43838,LOVELY BANKS,NSW,,,LOVELY BANKS|NSW,,81
43840,MOORABOOL,NSW,,,MOORABOOL|NSW,,83
43842,CORIO,NSW,,,CORIO|NSW,,84
43844,NORLANE,NSW,,,NORLANE|NSW,,82
43849,BELL POST HILL,NSW,,,BELL POST HILL|NSW,,78
43851,DRUMCONDRA,NSW,,,DRUMCONDRA|NSW,,79
43853,GEELONG NORTH,NSW,,,GEELONG NORTH|NSW,,82
43855,HAMLYN HEIGHTS,NSW,,,HAMLYN HEIGHTS|NSW,,83
43857,NORTH GEELONG,NSW,,,NORTH GEELONG|NSW,,82
43859,RIPPLESIDE,NSW,,,RIPPLESIDE|NSW,,81
43866,GROVEDALE EAST,NSW,,,GROVEDALE EAST|NSW,,83
43874,WANDANA HEIGHTS,NSW,,,WANDANA HEIGHTS|NSW,,84
43876,WAURN PONDS,NSW,,,WAURN PONDS|NSW,,79
43878,ARMSTRONG CREEK,NSW,,,ARMSTRONG CREEK|NSW,,84
43882,DEAKIN UNIVERSITY,NSW,,,DEAKIN UNIVERSITY|NSW,,81
43884,FYANSFORD,NSW,,,FYANSFORD|NSW,,83
43886,GEELONG WEST,NSW,,,GEELONG WEST|NSW,,82
43892,MURGHEBOLUC,NSW,,,MURGHEBOLUC|NSW,,80
43898,EAST GEELONG,NSW,,,EAST GEELONG|NSW,,81
43900,NEWCOMB,NSW,,,NEWCOMB|NSW,,82
43902,ST ALBANS PARK,NSW,,,ST ALBANS PARK|NSW,,84
43904,THOMSON,NSW,,,THOMSON|NSW,,82
43913,SOUTH GEELONG,NSW,,,SOUTH GEELONG|NSW,,82
43919,CERES,NSW,,,CERES|NSW,,78
43921,GEELONG MC,NSW,,,GEELONG MC|NSW,,79
43923,GNARWARRE,NSW,,,GNARWARRE|NSW,,78
43925,GREY RIVER,NSW,,,GREY RIVER|NSW,,80
43927,KENNETT RIVER,NSW,,,KENNETT RIVER|NSW,,76
43931,SEPARATION CREEK,NSW,,,SEPARATION CREEK|NSW,,83
43933,STAUGHTON VALE,NSW,,,STAUGHTON VALE|NSW,,78
43940,WYE RIVER,NSW,,,WYE RIVER|NSW,,81
43942,CLIFTON SPRINGS,NSW,,,CLIFTON SPRINGS|NSW,,79
43947,MANNERIM,NSW,,,MANNERIM|NSW,,76
43951,INDENTED HEAD,NSW,,,INDENTED HEAD|NSW,,82
43953,PORTARLINGTON,NSW,,,PORTARLINGTON|NSW,,84
43956,LEOPOLD,NSW,,,LEOPOLD|NSW,,78
43958,POINT LONSDALE,NSW,,,POINT LONSDALE|NSW,,82
43964,OCEAN GROVE,NSW,,,OCEAN GROVE|NSW,,84
43966,BARWON HEADS,NSW,,,BARWON HEADS|NSW,,84
43968,BREAMLEA,NSW,,,BREAMLEA|NSW,,82
43970,CONNEWARRE,NSW,,,CONNEWARRE|NSW,,79
43974,BELLS BEACH,NSW,,,BELLS BEACH|NSW,,84
43976,JAN JUC,NSW,,,JAN JUC|NSW,,73
43978,TORQUAY,NSW,,,TORQUAY|NSW,,80
43980,ANGLESEA,NSW,,,ANGLESEA|NSW,,83
43982,AIREYS INLET,NSW,,,AIREYS INLET|NSW,,81
43985,EASTERN VIEW,NSW,,,EASTERN VIEW|NSW,,81
43987,FAIRHAVEN,NSW,,,FAIRHAVEN|NSW,,81
43994,CAPE OTWAY,NSW,,,CAPE OTWAY|NSW,,71
43997,PETTICOAT CREEK,NSW,,,PETTICOAT CREEK|NSW,,79
44001,SKENES CREEK NORTH,NSW,,,SKENES CREEK NORTH|NSW,,82
44003,BENWERRIN,NSW,,,BENWERRIN|NSW,,81
44007,DEANS MARSH,NSW,,,DEANS MARSH|NSW,,80
44009,PENNYROYAL,NSW,,,PENNYROYAL|NSW,,72
44015,AIRE VALLEY,NSW,,,AIRE VALLEY|NSW,,84
44017,BEECH FOREST,NSW,,,BEECH FOREST|NSW,,84
44025,WEEAPROINAH,NSW,,,WEEAPROINAH|NSW,,80
44033,HORDERN VALE,NSW,,,HORDERN VALE|NSW,,83
44035,JOHANNA,NSW,,,JOHANNA|NSW,,82
44037,LAVERS HILL,NSW,,,LAVERS HILL|NSW,,83
44039,CARLISLE RIVER,NSW,,,CARLISLE RIVER|NSW,,82
44041,CHAPPLE VALE,NSW,,,CHAPPLE VALE|NSW,,84
44043,GELLIBRAND,NSW,,,GELLIBRAND|NSW,,83
44045,KENNEDYS CREEK,NSW,,,KENNEDYS CREEK|NSW,,83
44049,GHERANG,NSW,,,GHERANG|NSW,,82
44051,MODEWARRE,NSW,,,MODEWARRE|NSW,,77
44053,MORIAC,NSW,,,MORIAC|NSW,,84
44055,MOUNT MORIAC,NSW,,,MOUNT MORIAC|NSW,,81
44057,PARAPARAP,NSW,,,PARAPARAP|NSW,,78
44061,OMBERSLEY,NSW,,,OMBERSLEY|NSW,,82
44063,WENSLEYDALE,NSW,,,WENSLEYDALE|NSW,,81
44065,WINCHELSEA,NSW,,,WINCHELSEA|NSW,,79
44067,WINCHELSEA SOUTH,NSW,,,WINCHELSEA SOUTH|NSW,,80
44069,WURDIBOLUC,NSW,,,WURDIBOLUC|NSW,,79
44071,BIRREGURRA,NSW,,,BIRREGURRA|NSW,,80
44073,BARWON DOWNS,NSW,,,BARWON DOWNS|NSW,,81
44075,GERANGAMETE,NSW,,,GERANGAMETE|NSW,,80
44077,MURROON,NSW,,,MURROON|NSW,,82
44079,WARNCOORT,NSW,,,WARNCOORT|NSW,,78
44081,WHOOREL,NSW,,,WHOOREL|NSW,,80
44097,DREEITE,NSW,,,DREEITE|NSW,,78
44099,DREEITE SOUTH,NSW,,,DREEITE SOUTH|NSW,,81
44103,IRREWILLIPE,NSW,,,IRREWILLIPE|NSW,,80
44109,LARPENT,NSW,,,LARPENT|NSW,,82
44111,NALANGIL,NSW,,,NALANGIL|NSW,,82
44113,ONDIT,NSW,,,ONDIT|NSW,,78
44115,PIRRON YALLOCK,NSW,,,PIRRON YALLOCK|NSW,,78
44117,POMBORNEIT EAST,NSW,,,POMBORNEIT EAST|NSW,,79
44119,SWAN MARSH,NSW,,,SWAN MARSH|NSW,,77
44121,TANYBRYN,NSW,,,TANYBRYN|NSW,,75
44125,WOOL WOOL,NSW,,,WOOL WOOL|NSW,,81
44129,YEODENE,NSW,,,YEODENE|NSW,,82
44133,COLAC EAST,NSW,,,COLAC EAST|NSW,,83
44135,COLAC WEST,NSW,,,COLAC WEST|NSW,,83
44137,ELLIMINYT,NSW,,,ELLIMINYT|NSW,,77
44139,BEEAC,NSW,,,BEEAC|NSW,,84
44141,CUNDARE,NSW,,,CUNDARE|NSW,,82
44143,CUNDARE NORTH,NSW,,,CUNDARE NORTH|NSW,,83
44145,EURACK,NSW,,,EURACK|NSW,,84
44147,WEERING,NSW,,,WEERING|NSW,,82
44149,COROROOKE,NSW,,,COROROOKE|NSW,,83
44151,BOOKAAR,NSW,,,BOOKAAR|NSW,,83
44153,BOSTOCKS CREEK,NSW,,,BOSTOCKS CREEK|NSW,,83
44158,CARPENDEIT,NSW,,,CARPENDEIT|NSW,,79
44160,CHOCOLYN,NSW,,,CHOCOLYN|NSW,,78
44162,GNOTUK,NSW,,,GNOTUK|NSW,,74
44168,LESLIE MANOR,NSW,,,LESLIE MANOR|NSW,,81
44170,POMBORNEIT,NSW,,,POMBORNEIT|NSW,,80
44172,POMBORNEIT NORTH,NSW,,,POMBORNEIT NORTH|NSW,,80
44174,SKIBO,NSW,,,SKIBO|NSW,,75
44176,SOUTH PURRUMBETE,NSW,,,SOUTH PURRUMBETE|NSW,,80
44178,STONYFORD,NSW,,,STONYFORD|NSW,,78
44180,TANDAROOK,NSW,,,TANDAROOK|NSW,,83
44182,TESBURY,NSW,,,TESBURY|NSW,,78
44184,WEERITE,NSW,,,WEERITE|NSW,,80
44192,DIXIE,NSW,,,DIXIE|NSW,,74
44194,ECKLIN SOUTH,NSW,,,ECKLIN SOUTH|NSW,,79
44198,FRAMLINGHAM,NSW,,,FRAMLINGHAM|NSW,,80
44202,GARVOC,NSW,,,GARVOC|NSW,,84
44204,GLENORMISTON,NSW,,,GLENORMISTON|NSW,,81
44208,GLENORMISTON SOUTH,NSW,,,GLENORMISTON SOUTH|NSW,,82
44214,NOORAT,NSW,,,NOORAT|NSW,,84
44218,PANMURE,NSW,,,PANMURE|NSW,,82
44220,TAROON,NSW,,,TAROON|NSW,,84
44222,THE SISTERS,NSW,,,THE SISTERS|NSW,,76
44224,BULLAHARRE,NSW,,,BULLAHARRE|NSW,,81
44226,COBDEN,NSW,,,COBDEN|NSW,,80
44228,COBRICO,NSW,,,COBRICO|NSW,,82
44230,ELINGAMITE,NSW,,,ELINGAMITE|NSW,,80
44234,GLENFYNE,NSW,,,GLENFYNE|NSW,,80
44236,JANCOURT,NSW,,,JANCOURT|NSW,,75
44238,JANCOURT EAST,NSW,,,JANCOURT EAST|NSW,,82
44240,NAROGHID,NSW,,,NAROGHID|NSW,,75
44245,AYRFORD,NSW,,,AYRFORD|NSW,,82
44247,BRUCKNELL,NSW,,,BRUCKNELL|NSW,,80
44249,COORIEMUNGLE,NSW,,,COORIEMUNGLE|NSW,,81
44253,CURDIE VALE,NSW,,,CURDIE VALE|NSW,,79
44255,CURDIES RIVER,NSW,,,CURDIES RIVER|NSW,,81
44257,CURDIEVALE,NSW,,,CURDIEVALE|NSW,,79
44265,NIRRANDA EAST,NSW,,,NIRRANDA EAST|NSW,,82
44267,NIRRANDA SOUTH,NSW,,,NIRRANDA SOUTH|NSW,,79
44269,NULLAWARRE,NSW,,,NULLAWARRE|NSW,,76
44271,NULLAWARRE EAST,NSW,,,NULLAWARRE EAST|NSW,,79
44273,NULLAWARRE NORTH,NSW,,,NULLAWARRE NORTH|NSW,,80
44275,PAARATTE,NSW,,,PAARATTE|NSW,,80
44279,TIMBOON,NSW,,,TIMBOON|NSW,,82
44281,TIMBOON WEST,NSW,,,TIMBOON WEST|NSW,,75
44283,PORT CAMPBELL,NSW,,,PORT CAMPBELL|NSW,,76
44285,PRINCETOWN,NSW,,,PRINCETOWN|NSW,,83
44289,PETERBOROUGH,NSW,,,PETERBOROUGH|NSW,,79
44292,DUNDONNELL,NSW,,,DUNDONNELL|NSW,,80
44294,PURA PURA,NSW,,,PURA PURA|NSW,,76
44297,WOORNDOO,NSW,,,WOORNDOO|NSW,,80
44300,CARAMUT,NSW,,,CARAMUT|NSW,,82
44308,WOOLSTHORPE,NSW,,,WOOLSTHORPE|NSW,,80
44310,ALLANSFORD,NSW,,,ALLANSFORD|NSW,,81
44312,MEPUNGA,NSW,,,MEPUNGA|NSW,,82
44314,MEPUNGA EAST,NSW,,,MEPUNGA EAST|NSW,,81
44316,MEPUNGA WEST,NSW,,,MEPUNGA WEST|NSW,,81
44318,NARINGAL,NSW,,,NARINGAL|NSW,,83
44320,NARINGAL EAST,NSW,,,NARINGAL EAST|NSW,,82
44322,PURNIM,NSW,,,PURNIM|NSW,,80
44324,PURNIM WEST,NSW,,,PURNIM WEST|NSW,,73
44326,BALLANGEICH,NSW,,,BALLANGEICH|NSW,,80
44328,WANGOOM,NSW,,,WANGOOM|NSW,,82
44342,WINSLOW,NSW,,,WINSLOW|NSW,,82
44347,KOROIT,NSW,,,KOROIT|NSW,,84
44349,CROSSLEY,NSW,,,CROSSLEY|NSW,,81
44353,KIRKSTALL,NSW,,,KIRKSTALL|NSW,,78
44355,SOUTHERN CROSS,NSW,,,SOUTHERN CROSS|NSW,,83
44363,WILLATOOK,NSW,,,WILLATOOK|NSW,,80
44367,YARPTURK,NSW,,,YARPTURK|NSW,,76
44371,PORT FAIRY,NSW,,,PORT FAIRY|NSW,,76
44374,NARRAWONG,NSW,,,NARRAWONG|NSW,,83
44381,TYRENDARRA,NSW,,,TYRENDARRA|NSW,,80
44383,TYRENDARRA EAST,NSW,,,TYRENDARRA EAST|NSW,,79
44385,YAMBUK,NSW,,,YAMBUK|NSW,,84
44387,CONDAH SWAMP,NSW,,,CONDAH SWAMP|NSW,,75
44389,KNEBSWORTH,NSW,,,KNEBSWORTH|NSW,,80
44391,MACARTHUR,NSW,,,MACARTHUR|NSW,,83
44393,RIPPONHURST,NSW,,,RIPPONHURST|NSW,,79
44397,HAWKESDALE,NSW,,,HAWKESDALE|NSW,,81
44399,MINHAMITE,NSW,,,MINHAMITE|NSW,,82
44401,GAZETTE,NSW,,,GAZETTE|NSW,,73
44403,GERRIGERRUP,NSW,,,GERRIGERRUP|NSW,,80
44408,TABOR,NSW,,,TABOR|NSW,,82
44411,GLENTHOMPSON,NSW,,,GLENTHOMPSON|NSW,,81
44415,NARRAPUMELAP SOUTH,NSW,,,NARRAPUMELAP SOUTH|NSW,,82
44421,MIRRANATWA,NSW,,,MIRRANATWA|NSW,,80
44423,MOUTAJUP,NSW,,,MOUTAJUP|NSW,,75
44425,VICTORIA POINT,NSW,,,VICTORIA POINT|NSW,,78
44431,BYADUK NORTH,NSW,,,BYADUK NORTH|NSW,,81
44434,BOCHARA,NSW,,,BOCHARA|NSW,,84
44437,BUCKLEY SWAMP,NSW,,,BUCKLEY SWAMP|NSW,,81
44439,BYADUK,NSW,,,BYADUK|NSW,,76
44445,MORGIANA,NSW,,,MORGIANA|NSW,,80
44447,MOUNT NAPIER,NSW,,,MOUNT NAPIER|NSW,,81
44449,STRATHKELLAR,NSW,,,STRATHKELLAR|NSW,,84
44455,WANNON,NSW,,,WANNON|NSW,,80
44457,WARRAYURE,NSW,,,WARRAYURE|NSW,,80
44459,YATCHAW,NSW,,,YATCHAW|NSW,,78
44461,YULECART,NSW,,,YULECART|NSW,,75
44463,BRANXHOLME,NSW,,,BRANXHOLME|NSW,,81
44465,GRASSDALE,NSW,,,GRASSDALE|NSW,,80
44467,BREAKAWAY CREEK,NSW,,,BREAKAWAY CREEK|NSW,,84
44471,HOTSPUR,NSW,,,HOTSPUR|NSW,,75
44473,LAKE CONDAH,NSW,,,LAKE CONDAH|NSW,,84
44475,WALLACEDALE,NSW,,,WALLACEDALE|NSW,,81
44477,BESSIEBELLE,NSW,,,BESSIEBELLE|NSW,,80
44481,DRIK DRIK,NSW,,,DRIK DRIK|NSW,,77
44483,DRUMBORG,NSW,,,DRUMBORG|NSW,,78
44487,HEYWOOD,NSW,,,HEYWOOD|NSW,,82
44491,LYONS,NSW,,,LYONS|NSW,,82
44495,MUMBANNAR,NSW,,,MUMBANNAR|NSW,,82
44497,MYAMYN,NSW,,,MYAMYN|NSW,,76
44499,WINNAP,NSW,,,WINNAP|NSW,,80
44501,ALLESTREE,NSW,,,ALLESTREE|NSW,,78
44506,CASHMORE,NSW,,,CASHMORE|NSW,,83
44508,DUTTON WAY,NSW,,,DUTTON WAY|NSW,,79
44510,GORAE,NSW,,,GORAE|NSW,,84
44516,MOUNT RICHMOND,NSW,,,MOUNT RICHMOND|NSW,,83
44520,PORTLAND NORTH,NSW,,,PORTLAND NORTH|NSW,,83
44522,PORTLAND WEST,NSW,,,PORTLAND WEST|NSW,,83
44524,DIGBY,NSW,,,DIGBY|NSW,,78
44528,TAHARA WEST,NSW,,,TAHARA WEST|NSW,,83
44533,HEATH FIELD,NSW,,,HEATH FIELD|NSW,,80
44537,BAHGALLAH,NSW,,,BAHGALLAH|NSW,,80
44539,BRIMBOAL,NSW,,,BRIMBOAL|NSW,,83
44541,CARAPOOK,NSW,,,CARAPOOK|NSW,,82
44543,CHETWYND,NSW,,,CHETWYND|NSW,,76
44545,DERGHOLM,NSW,,,DERGHOLM|NSW,,76
44547,DORODONG,NSW,,,DORODONG|NSW,,83
44549,DUNROBIN,NSW,,,DUNROBIN|NSW,,82
44554,LAKE MUNDI,NSW,,,LAKE MUNDI|NSW,,79
44558,MUNTHAM,NSW,,,MUNTHAM|NSW,,82
44560,NANGEELA,NSW,,,NANGEELA|NSW,,83
44562,POOLAIJELO,NSW,,,POOLAIJELO|NSW,,74
44566,SANDFORD,NSW,,,SANDFORD|NSW,,82
44568,STRATHDOWNIE,NSW,,,STRATHDOWNIE|NSW,,80
44570,WANDO BRIDGE,NSW,,,WANDO BRIDGE|NSW,,81
44572,WANDO VALE,NSW,,,WANDO VALE|NSW,,81
44578,CAVENDISH,NSW,,,CAVENDISH|NSW,,78
44580,GLENISLA,NSW,,,GLENISLA|NSW,,80
44586,WOOHLPOOER,NSW,,,WOOHLPOOER|NSW,,79
44590,CLOVER FLAT,NSW,,,CLOVER FLAT|NSW,,81
44594,COOJAR,NSW,,,COOJAR|NSW,,84
44598,GRINGEGALGONA,NSW,,,GRINGEGALGONA|NSW,,82
44600,GRITJURK,NSW,,,GRITJURK|NSW,,75
44602,HILGAY,NSW,,,HILGAY|NSW,,82
44604,KONONGWOOTONG,NSW,,,KONONGWOOTONG|NSW,,82
44612,PASCHENDALE,NSW,,,PASCHENDALE|NSW,,76
44614,TAHARA BRIDGE,NSW,,,TAHARA BRIDGE|NSW,,76
44616,TARRAYOUKYAN,NSW,,,TARRAYOUKYAN|NSW,,75
44618,TARRENLEA,NSW,,,TARRENLEA|NSW,,82
44620,WOOTONG VALE,NSW,,,WOOTONG VALE|NSW,,75
44622,HARROW,NSW,,,HARROW|NSW,,80
44626,CONNEWIRRICOO,NSW,,,CONNEWIRRICOO|NSW,,82
44628,EDENHOPE,NSW,,,EDENHOPE|NSW,,80
44630,JALLAKIN,NSW,,,JALLAKIN|NSW,,82
44632,KADNOOK,NSW,,,KADNOOK|NSW,,83
44634,LANGKOOP,NSW,,,LANGKOOP|NSW,,78
44636,MEEREEK,NSW,,,MEEREEK|NSW,,82
44638,PATYAH,NSW,,,PATYAH|NSW,,78
44640,ULLSWATER,NSW,,,ULLSWATER|NSW,,77
44644,BENAYEO,NSW,,,BENAYEO|NSW,,82
44646,BRINGALBERT,NSW,,,BRINGALBERT|NSW,,80
44648,HESSE,NSW,,,HESSE|NSW,,75
44654,CRESSY,NSW,,,CRESSY|NSW,,80
44656,BERRYBANK,NSW,,,BERRYBANK|NSW,,82
44658,DUVERNEY,NSW,,,DUVERNEY|NSW,,75
44660,FOXHOW,NSW,,,FOXHOW|NSW,,70
44667,DERRINALLUM,NSW,,,DERRINALLUM|NSW,,80
44671,VITE VITE,NSW,,,VITE VITE|NSW,,77
44673,VITE VITE NORTH,NSW,,,VITE VITE NORTH|NSW,,84
44675,TEESDALE,NSW,,,TEESDALE|NSW,,83
44681,SHELFORD,NSW,,,SHELFORD|NSW,,77
44685,BANNOCKBURN,NSW,,,BANNOCKBURN|NSW,,80
44687,GHERINGHAP,NSW,,,GHERINGHAP|NSW,,79
44691,RUSSELLS BRIDGE,NSW,,,RUSSELLS BRIDGE|NSW,,79
44695,STEIGLITZ,NSW,,,STEIGLITZ|NSW,,77
44697,SUTHERLANDS CREEK,NSW,,,SUTHERLANDS CREEK|NSW,,82
44701,BAMGANIE,NSW,,,BAMGANIE|NSW,,80
44707,CARGERIE,NSW,,,CARGERIE|NSW,,82
44709,ELAINE,NSW,,,ELAINE|NSW,,82
44711,MORRISONS,NSW,,,MORRISONS|NSW,,80
44715,BONNIE BROOK,NSW,,,BONNIE BROOK|NSW,,81
44717,GRANGEFIELDS,NSW,,,GRANGEFIELDS|NSW,,83
44719,ROCKBANK,NSW,,,ROCKBANK|NSW,,83
44721,THORNHILL PARK,NSW,,,THORNHILL PARK|NSW,,83
44723,AINTREE,NSW,,,AINTREE|NSW,,82
44725,DEANSIDE,NSW,,,DEANSIDE|NSW,,83
44727,FRASER RISE,NSW,,,FRASER RISE|NSW,,73
44729,HARKNESS,NSW,,,HARKNESS|NSW,,77
44731,KURUNJANG,NSW,,,KURUNJANG|NSW,,83
44735,MELTON WEST,NSW,,,MELTON WEST|NSW,,80
44737,TOOLERN VALE,NSW,,,TOOLERN VALE|NSW,,80
44740,COBBLEBANK,NSW,,,COBBLEBANK|NSW,,79
44744,EYNESBURY,NSW,,,EYNESBURY|NSW,,77
44748,STRATHTULLOH,NSW,,,STRATHTULLOH|NSW,,75
44750,WEIR VIEWS,NSW,,,WEIR VIEWS|NSW,,79
44752,BACCHUS MARSH,NSW,,,BACCHUS MARSH|NSW,,82
44758,COIMADAI,NSW,,,COIMADAI|NSW,,82
44767,MADDINGLEY,NSW,,,MADDINGLEY|NSW,,79
44769,MERRIMU,NSW,,,MERRIMU|NSW,,83
44778,KOROBEIT,NSW,,,KOROBEIT|NSW,,76
44780,MYRNIONG,NSW,,,MYRNIONG|NSW,,78
44786,BEREMBOKE,NSW,,,BEREMBOKE|NSW,,83
44790,BUNDING,NSW,,,BUNDING|NSW,,82
44794,DURDIDWARRAH,NSW,,,DURDIDWARRAH|NSW,,81
44796,FISKVILLE,NSW,,,FISKVILLE|NSW,,81
44800,MOUNT WALLACE,NSW,,,MOUNT WALLACE|NSW,,82
44805,BAKERY HILL,NSW,,,BAKERY HILL|NSW,,83
44813,BALLARAT NORTH,NSW,,,BALLARAT NORTH|NSW,,83
44823,GOLDEN POINT,NSW,,,GOLDEN POINT|NSW,,84
44825,INVERMAY PARK,NSW,,,INVERMAY PARK|NSW,,80
44827,LAKE WENDOUREE,NSW,,,LAKE WENDOUREE|NSW,,83
44829,LUCAS,NSW,,,LUCAS|NSW,,78
44841,SOLDIERS HILL,NSW,,,SOLDIERS HILL|NSW,,82
44843,SOVEREIGN HILL,NSW,,,SOVEREIGN HILL|NSW,,79
44847,BO PEEP,NSW,,,BO PEEP|NSW,,74
44849,CAPE CLEAR,NSW,,,CAPE CLEAR|NSW,,79
44853,CHEPSTOWE,NSW,,,CHEPSTOWE|NSW,,79
44855,HADDON,NSW,,,HADDON|NSW,,80
44862,LAKE BOLAC,NSW,,,LAKE BOLAC|NSW,,80
44864,MININERA,NSW,,,MININERA|NSW,,78
44866,MORTCHUP,NSW,,,MORTCHUP|NSW,,78
44870,NERRIN NERRIN,NSW,,,NERRIN NERRIN|NSW,,82
44872,NINTINGBOOL,NSW,,,NINTINGBOOL|NSW,,80
44874,PIGGOREET,NSW,,,PIGGOREET|NSW,,77
44878,ROKEWOOD JUNCTION,NSW,,,ROKEWOOD JUNCTION|NSW,,81
44882,SCARSDALE,NSW,,,SCARSDALE|NSW,,80
44886,SMYTHESDALE,NSW,,,SMYTHESDALE|NSW,,74
44892,STAFFORDSHIRE REEF,NSW,,,STAFFORDSHIRE REEF|NSW,,82
44896,WALLINDUC,NSW,,,WALLINDUC|NSW,,80
44898,WESTMERE,NSW,,,WESTMERE|NSW,,83
44904,BARKSTEAD,NSW,,,BARKSTEAD|NSW,,80
44906,BLOWHARD,NSW,,,BLOWHARD|NSW,,78
44911,BREWSTER,NSW,,,BREWSTER|NSW,,83
44917,BUNKERS HILL,NSW,,,BUNKERS HILL|NSW,,81
44919,BURRUMBEET,NSW,,,BURRUMBEET|NSW,,79
44921,CAMBRIAN HILL,NSW,,,CAMBRIAN HILL|NSW,,82
44927,CHAPEL FLAT,NSW,,,CHAPEL FLAT|NSW,,80
44935,CORINDHAP,NSW,,,CORINDHAP|NSW,,83
44939,DEREEL,NSW,,,DEREEL|NSW,,82
44941,DUNNSTOWN,NSW,,,DUNNSTOWN|NSW,,80
44943,DURHAM LEAD,NSW,,,DURHAM LEAD|NSW,,80
44946,ERCILDOUNE,NSW,,,ERCILDOUNE|NSW,,79
44948,GARIBALDI,NSW,,,GARIBALDI|NSW,,77
44958,INVERMAY,NSW,,,INVERMAY|NSW,,83
44962,LAMPLOUGH,NSW,,,LAMPLOUGH|NSW,,77
44964,LANGI KAL KAL,NSW,,,LANGI KAL KAL|NSW,,82
44972,MAGPIE,NSW,,,MAGPIE|NSW,,80
44976,MINERS REST,NSW,,,MINERS REST|NSW,,77
44978,MITCHELL PARK,NSW,,,MITCHELL PARK|NSW,,83
44980,MOLLONGGHIP,NSW,,,MOLLONGGHIP|NSW,,80
44984,MOUNT EGERTON,NSW,,,MOUNT EGERTON|NSW,,82
44986,MOUNT MERCER,NSW,,,MOUNT MERCER|NSW,,83
44991,NAPOLEONS,NSW,,,NAPOLEONS|NSW,,80
44993,NAVIGATORS,NSW,,,NAVIGATORS|NSW,,79
44995,POOTILLA,NSW,,,POOTILLA|NSW,,78
44997,SCOTCHMANS LEAD,NSW,,,SCOTCHMANS LEAD|NSW,,81
44999,SCOTSBURN,NSW,,,SCOTSBURN|NSW,,75
45001,SPRINGBANK,NSW,,,SPRINGBANK|NSW,,83
45003,SULKY,NSW,,,SULKY|NSW,,78
45007,WARRENHEIP,NSW,,,WARRENHEIP|NSW,,83
45011,WAUBRA,NSW,,,WAUBRA|NSW,,84
45013,WEATHERBOARD,NSW,,,WEATHERBOARD|NSW,,81
45015,WERNETH,NSW,,,WERNETH|NSW,,76
45018,YENDON,NSW,,,YENDON|NSW,,84
45020,BALLARAT MC,NSW,,,BALLARAT MC|NSW,,80
45022,LAKE GARDENS,NSW,,,LAKE GARDENS|NSW,,81
45024,WENDOUREE,NSW,,,WENDOUREE|NSW,,80
45032,BUNINYONG,NSW,,,BUNINYONG|NSW,,80
45034,SCOTSMANS LEAD,NSW,,,SCOTSMANS LEAD|NSW,,79
45038,WINTER VALLEY,NSW,,,WINTER VALLEY|NSW,,80
45042,MANNIBADAR,NSW,,,MANNIBADAR|NSW,,79
45046,WILLOWVALE,NSW,,,WILLOWVALE|NSW,,80
45048,BRADVALE,NSW,,,BRADVALE|NSW,,83
45052,SKIPTON,NSW,,,SKIPTON|NSW,,78
45054,CRESWICK,NSW,,,CRESWICK|NSW,,83
45056,CRESWICK NORTH,NSW,,,CRESWICK NORTH|NSW,,83
45060,LANGDONS HILL,NSW,,,LANGDONS HILL|NSW,,82
45062,MOUNT BECKWORTH,NSW,,,MOUNT BECKWORTH|NSW,,84
45064,TOURELLO,NSW,,,TOURELLO|NSW,,83
45071,BLAMPIED,NSW,,,BLAMPIED|NSW,,78
45075,CABBAGE TREE,NSW,,,CABBAGE TREE|NSW,,82
45088,KOOROOCHEANG,NSW,,,KOOROOCHEANG|NSW,,81
45091,MOUNT PROSPECT,NSW,,,MOUNT PROSPECT|NSW,,80
45095,NEWLYN NORTH,NSW,,,NEWLYN NORTH|NSW,,84
45101,SMOKEY TOWN,NSW,,,SMOKEY TOWN|NSW,,74
45103,SMOKEYTOWN,NSW,,,SMOKEYTOWN|NSW,,77
45105,SPRINGMOUNT,NSW,,,SPRINGMOUNT|NSW,,77
45114,GLENGOWER,NSW,,,GLENGOWER|NSW,,83
45116,MOUNT CAMERON,NSW,,,MOUNT CAMERON|NSW,,82
45118,AMHERST,NSW,,,AMHERST|NSW,,78
45120,BURNBANK,NSW,,,BURNBANK|NSW,,82
45122,CARALULUP,NSW,,,CARALULUP|NSW,,77
45124,DUNACH,NSW,,,DUNACH|NSW,,82
45126,EVANSFORD,NSW,,,EVANSFORD|NSW,,83
45128,LILLICUR,NSW,,,LILLICUR|NSW,,75
45130,MOUNT GLASGOW,NSW,,,MOUNT GLASGOW|NSW,,82
45132,RED LION,NSW,,,RED LION|NSW,,80
45135,TALBOT,NSW,,,TALBOT|NSW,,84
45139,CHUTE,NSW,,,CHUTE|NSW,,80
45143,LAKE GOLDSMITH,NSW,,,LAKE GOLDSMITH|NSW,,83
45147,MAIN LEAD,NSW,,,MAIN LEAD|NSW,,81
45157,STOCKYARD HILL,NSW,,,STOCKYARD HILL|NSW,,80
45161,TRAWALLA,NSW,,,TRAWALLA|NSW,,82
45164,GREAT WESTERN,NSW,,,GREAT WESTERN|NSW,,82
45168,BAYINDEEN,NSW,,,BAYINDEEN|NSW,,80
45172,MIDDLE CREEK,NSW,,,MIDDLE CREEK|NSW,,84
45174,AMPHITHEATRE,NSW,,,AMPHITHEATRE|NSW,,81
45178,ARARAT EAST,NSW,,,ARARAT EAST|NSW,,80
45180,ARMSTRONG,NSW,,,ARMSTRONG|NSW,,80
45190,DENICULL CREEK,NSW,,,DENICULL CREEK|NSW,,83
45192,DOBIE,NSW,,,DOBIE|NSW,,80
45194,DUNNEWORTHY,NSW,,,DUNNEWORTHY|NSW,,80
45196,EVERSLEY,NSW,,,EVERSLEY|NSW,,83
45198,JALLUKUR,NSW,,,JALLUKUR|NSW,,75
45200,LANGI LOGAN,NSW,,,LANGI LOGAN|NSW,,80
45208,MOUNT LONARCH,NSW,,,MOUNT LONARCH|NSW,,82
45212,NORVAL,NSW,,,NORVAL|NSW,,84
45214,RHYMNEY,NSW,,,RHYMNEY|NSW,,76
45217,ROSSBRIDGE,NSW,,,ROSSBRIDGE|NSW,,79
45225,YALLA-Y-POORA,NSW,,,YALLA-Y-POORA|NSW,,76
45231,MAFEKING,NSW,,,MAFEKING|NSW,,78
45233,STAVELY,NSW,,,STAVELY|NSW,,82
45237,WICKLIFFE,NSW,,,WICKLIFFE|NSW,,79
45241,WILLAURA NORTH,NSW,,,WILLAURA NORTH|NSW,,83
45243,BELLELLEN,NSW,,,BELLELLEN|NSW,,80
45245,BRIDGE INN,NSW,,,BRIDGE INN|NSW,,84
45247,MOKEPILLY,NSW,,,MOKEPILLY|NSW,,77
45251,STAWELL WEST,NSW,,,STAWELL WEST|NSW,,80
45253,WINJALLOK,NSW,,,WINJALLOK|NSW,,80
45255,BARKLY,NSW,,,BARKLY|NSW,,84
45260,CALLAWADDA,NSW,,,CALLAWADDA|NSW,,80
45264,CONCONGELLA,NSW,,,CONCONGELLA|NSW,,80
45266,DEEP LEAD,NSW,,,DEEP LEAD|NSW,,77
45270,GERMANIA,NSW,,,GERMANIA|NSW,,82
45278,JOEL JOEL,NSW,,,JOEL JOEL|NSW,,77
45280,JOEL SOUTH,NSW,,,JOEL SOUTH|NSW,,83
45282,KANYA,NSW,,,KANYA|NSW,,84
45284,LAKE FYANS,NSW,,,LAKE FYANS|NSW,,79
45286,LAKE LONSDALE,NSW,,,LAKE LONSDALE|NSW,,83
45288,LUBECK,NSW,,,LUBECK|NSW,,82
45290,MORRL MORRL,NSW,,,MORRL MORRL|NSW,,80
45297,ROSTRON,NSW,,,ROSTRON|NSW,,84
45303,WALLALOO EAST,NSW,,,WALLALOO EAST|NSW,,82
45307,LANDSBOROUGH,NSW,,,LANDSBOROUGH|NSW,,81
45311,NAVARRE,NSW,,,NAVARRE|NSW,,78
45313,TULKARA,NSW,,,TULKARA|NSW,,84
45315,WATTLE CREEK,NSW,,,WATTLE CREEK|NSW,,84
45321,LEDCOURT,NSW,,,LEDCOURT|NSW,,77
45323,RIACHELLA,NSW,,,RIACHELLA|NSW,,80
45329,MARNOO WEST,NSW,,,MARNOO WEST|NSW,,80
45331,BANYENA,NSW,,,BANYENA|NSW,,82
45333,RUPANYUP,NSW,,,RUPANYUP|NSW,,70
45337,MURTOA,NSW,,,MURTOA|NSW,,84
45339,BRIM,NSW,,,BRIM|NSW,,84
45341,BOOLITE,NSW,,,BOOLITE|NSW,,82
45343,MINYIP,NSW,,,MINYIP|NSW,,84
45347,AILSA,NSW,,,AILSA|NSW,,82
45349,ANGIP,NSW,,,ANGIP|NSW,,84
45351,AUBREY,NSW,,,AUBREY|NSW,,80
45355,CANNUM,NSW,,,CANNUM|NSW,,80
45359,KELLALAC,NSW,,,KELLALAC|NSW,,78
45361,LAH,NSW,,,LAH|NSW,,82
45363,WARRACKNABEAL,NSW,,,WARRACKNABEAL|NSW,,82
45365,WILKUR,NSW,,,WILKUR|NSW,,82
45367,WILLENABRINA,NSW,,,WILLENABRINA|NSW,,81
45369,BEULAH,NSW,,,BEULAH|NSW,,84
45373,REEDY DAM,NSW,,,REEDY DAM|NSW,,72
45378,HOPEVALE,NSW,,,HOPEVALE|NSW,,77
45380,YARTO,NSW,,,YARTO|NSW,,84
45382,JUNG,NSW,,,JUNG|NSW,,84
45384,LONGERENONG,NSW,,,LONGERENONG|NSW,,80
